名称,城市,类型,级别,热度,地址
颐和园,北京·北京·海淀区,文化古迹,5A景区,热度 0.82,北京市海淀区新建宫门路19号
秦始皇帝陵博物院（兵马俑）,陕西·西安·临潼区,文化古迹,5A景区,热度 0.8800000000000001,陕西省西安市临潼县秦始皇陵东1.5公里处
八达岭长城,北京·北京·延庆县,文化古迹,5A景区,热度 0.82,北京市延庆县军都山关沟古道北口216省道附近
圆明园,北京·北京·海淀区,文化古迹,5A景区,热度 0.76,北京市海淀区清华西路28号
拙政园,江苏·苏州·平江区,文化古迹,5A景区,热度 1.0,江苏省苏州市平江区东北街178号
故宫,北京·北京·东城区,文化古迹,5A景区,热度 1.0,北京市东城区景山前街4号
天坛公园,北京·北京·东城区,文化古迹,5A景区,热度 0.8,北京市东城区天坛内东里7号
南京总统府,江苏·南京·玄武区,文化古迹,4A景区,热度 0.8,江苏省南京市玄武区长江路292号
西江千户苗寨,贵州·黔东南·雷山县,文化古迹,4A景区,热度 1.0,贵州省凯里市黔东南苗族侗族自治州雷山县西江镇南贵村
九寨沟,四川·阿坝藏族羌族自治州·九寨沟县,文化古迹,5A景区,热度 1.0,四川省阿坝藏族羌族自治州九寨沟县漳扎镇九寨沟
都江堰,四川·成都·都江堰市,文化古迹,5A景区,热度 1.0,四川省成都市都江堰市
恭王府,北京·北京·西城区,文化古迹,5A景区,热度 0.74,北京市西城区什刹海前海西街17号
乌镇,浙江·嘉兴·桐乡市,文化古迹,5A景区,热度 1.0,浙江省嘉兴市桐乡市乌镇石佛南路18号
张家界国家森林公园,湖南·张家界·武陵源区,文化古迹,5A景区,热度 0.9400000000000001,湖南省张家界市武陵源区
华清宫,陕西·西安·临潼区,文化古迹,5A景区,热度 0.9,陕西省西安市临潼区华清路038号
宏村,安徽·黄山·黟县,文化古迹,5A景区,热度 0.78,安徽省黄山市黟县宏村镇宏村里
灵山小镇拈花湾,江苏·无锡·滨湖区,文化古迹,5A景区,热度 0.0,江苏省无锡市滨湖区马山环山西路
泰山,山东·泰安·泰山区,文化古迹,5A景区,热度 1.0,山东省泰安市泰山区红门路54号
台儿庄古城,山东·枣庄·台儿庄区,文化古迹,5A景区,热度 0.0,山东省枣庄市台儿庄区华兴路东段
古北水镇,北京·北京·密云县,文化古迹,,热度 0.0,北京市密云县古北口镇司马台村古北水镇
少林寺,河南·郑州·嵩山,文化古迹,5A景区,热度 0.86,河南省郑州登封市西北13公里嵩山南麓
乌镇西栅,浙江·嘉兴·乌镇,文化古迹,,热度 0.0,浙江省嘉兴市桐乡市乌镇西大街
明十三陵,北京·北京·昌平区,文化古迹,5A景区,热度 0.72,北京市昌平区十三陵特区
青岩古镇,贵州·贵阳·花溪区,文化古迹,5A景区,热度 0.82,贵阳市花溪区交通路240号
杜甫草堂,四川·成都·青羊区,文化古迹,4A景区,热度 0.86,四川省成都市青羊区青华路37号
横店影视城,浙江·金华·东阳市,文化古迹,5A景区,热度 1.0,浙江省金华东阳市横店镇横店影视城
青城山,四川·成都·都江堰市,文化古迹,5A景区,热度 0.96,四川省成都市都江堰市青城山路
虎丘,江苏·苏州·金阊区,文化古迹,5A景区,热度 0.8,江苏省苏州市金阊区山塘街虎丘山门内8号
周庄,江苏·苏州·昆山市,文化古迹,5A景区,热度 0.9,江苏省苏州市昆山周庄全福路43号
灵山大佛,江苏·无锡·灵山胜境,文化古迹,5A景区,热度 1.0,江苏省无锡市滨湖区灵山路1号
南浔古镇,浙江·湖州·南浔区,文化古迹,5A景区,热度 0.0,浙江省湖州市南浔区南浔镇人瑞路51号
蓬莱阁,山东·烟台·蓬莱市,文化古迹,5A景区,热度 1.0,山东省烟台蓬莱市迎宾路7号
云冈石窟,山西·大同·南郊区,文化古迹,5A景区,热度 1.0,山西省大同市城西约16公里的武州山南麓
塔尔寺,青海·西宁·湟中县,文化古迹,5A景区,热度 1.0,青海省西宁市湟中县鲁沙尔镇
西湖,浙江·杭州·西湖区,文化古迹,5A景区,热度 1.0,浙江省杭州市西湖区龙井路1号
敦煌莫高窟,甘肃·酒泉·敦煌市,文化古迹,,热度 0.9,甘肃省酒泉市敦煌市东南25公里
黄帝陵,陕西·延安·黄陵县,文化古迹,5A景区,热度 1.0,陕西省延安市黄陵县城北的桥山颠
桂林两江四湖景区,广西·桂林·秀峰区,文化古迹,5A景区,热度 0.7,广西壮族自治区桂林市秀峰区滨江路12号
沈阳故宫,辽宁·沈阳·沈河区,文化古迹,4A景区,热度 0.7,辽宁省沈阳市沈河区沈阳路171号
武隆天坑地缝国家地质公园,重庆·重庆·武隆县,文化古迹,5A景区,热度 0.0,重庆市武隆县银杏大道武隆喀斯特旅游区
布达拉宫,西藏·拉萨·城关区,文化古迹,5A景区,热度 1.0,西藏自治区拉萨市城关区北京中路35号
庐山风景名胜区,江西·九江·庐山市,文化古迹,5A景区,热度 1.0,江西省九江市庐山区
黄龙风景区,四川·阿坝藏族羌族自治州·松潘县,文化古迹,5A景区,热度 0.74,四川省阿坝藏族羌族自治州松潘县
开封府,河南·开封·鼓楼区,文化古迹,4A景区,热度 0.96,河南省开封市包公东湖北岸
象山景区,广西·桂林·象山区,文化古迹,5A景区,热度 0.7,广西壮族自治区桂林市民主路52号
龙门石窟,河南·洛阳·洛龙区,文化古迹,5A景区,热度 1.0,河南省洛阳市洛龙区龙门中街13号
夫子庙,江苏·南京·秦淮区,文化古迹,5A景区,热度 0.8800000000000001,江苏省南京市秦淮区龙蟠中路夫子庙
茅山东方盐湖城·道天下,江苏·常州·金坛区,文化古迹,,热度 0.0,江苏省常州市金坛区薛埠镇访仙路9号
刘公岛,山东·威海·环翠区,文化古迹,5A景区,热度 1.0,山东省威海市海滨北路101-2号
西安城墙,陕西·西安·碑林区,文化古迹,5A景区,热度 0.82,陕西省西安市碑林区永宁门
灵隐寺,浙江·杭州,文化古迹,5A景区,热度 0.0,浙江省杭州市法云弄1号
王家大院,山西·晋中·灵石县,文化古迹,4A景区,热度 0.82,山西省晋中市灵石县静升镇静升村
成都武侯祠,四川·成都·武侯区,文化古迹,4A景区,热度 0.9,四川省成都市武侯区武侯祠大街231号
滕王阁,江西·南昌·东湖区,文化古迹,5A景区,热度 1.0,江西省南昌市东湖区仿古街58号
慕田峪长城,北京·北京·怀柔区,文化古迹,5A景区,热度 0.7,北京市怀柔区慕田峪村
韶关丹霞山,广东·韶关·浈江区,文化古迹,5A景区,热度 1.0,广东省韶关市浈江区丹霞山风景名胜区
寒山寺,江苏·苏州·金阊区,文化古迹,4A景区,热度 0.8800000000000001,江苏省苏州市金阊区寒山寺弄24号
西递,安徽·黄山·黟县,文化古迹,5A景区,热度 0.7,安徽省黄山市黟县西递镇西递村
嘉峪关关城,甘肃·嘉峪关·嘉峪关市,文化古迹,5A景区,热度 0.8400000000000001,甘肃省嘉峪关市明万里长城最西端
乔家大院,山西·晋中·祁县,文化古迹,,热度 0.9400000000000001,山西省晋中市祁县乔家堡村
古堰画乡景区,浙江·丽水·莲都区,文化古迹,4A景区,热度 0.72,浙江省丽水市莲都区大港头镇
龙亭公园,河南·开封·龙亭区,文化古迹,4A景区,热度 0.86,河南省开封市龙亭区宋都御街北街
峨眉山,四川·乐山·峨眉山市,文化古迹,5A景区,热度 1.0,四川省乐山峨眉山市峨眉山风景名胜区
大报恩寺遗址公园,江苏·南京·秦淮区,文化古迹,,热度 0.0,江苏省南京市秦淮区雨花路正学路1号
避暑山庄,河北·承德·双桥区,文化古迹,5A景区,热度 1.0,河北省承德市双桥区丽正门大街20号
芦笛岩,广西·桂林·秀峰区,文化古迹,4A景区,热度 0.76,广西壮族自治区桂林市秀峰区芦笛路1号
大慈恩寺（大雁塔）,陕西·西安·曲江旅游度假区,文化古迹,5A景区,热度 0.72,陕西省西安市雁塔区大雁塔南广场北侧
景洪曼听公园,云南·西双版纳·景洪市,文化古迹,4A景区,热度 0.86,云南省西双版纳傣族自治州景洪市曼听路35号
瓦屋山,四川·眉山·洪雅县,文化古迹,3A景区,热度 1.0,四川省眉山市洪雅县瓦屋山镇
法门寺,陕西·宝鸡·扶风县,文化古迹,5A景区,热度 1.0,陕西省宝鸡市扶风县城北10公里法门镇
雁门关,山西·忻州·代县,文化古迹,5A景区,热度 0.72,山西省忻州代县雁门关景区（二广高速新广武出口8公里）
回民街,陕西·西安·莲湖区,文化古迹,,热度 0.9199999999999999,陕西西安市中心
皇城相府,山西·晋城·阳城县,文化古迹,5A景区,热度 1.0,山西省晋城市阳城县北留镇皇城村
美龄宫,江苏·南京·钟山风景区,文化古迹,,热度 0.0,江苏省南京市玄武区钟山中山陵景区内
平遥古城,山西·晋中·平遥县,文化古迹,5A景区,热度 1.0,山西省晋中市平遥县
香山公园,北京·北京·海淀区,文化古迹,4A景区,热度 0.72,北京市海淀区买卖街40号
三星堆博物馆,四川·德阳·广汉市,文化古迹,4A景区,热度 1.0,四川省德阳广汉市西安路133号
明孝陵,江苏·南京·钟山风景区,文化古迹,5A景区,热度 0.86,江苏省南京市玄武区紫金山南麓独龙阜玩珠峰下
云水谣古镇,福建·漳州·南靖土楼,文化古迹,,热度 0.0,福建漳州南靖县云水谣古镇
广富林文化遗址,上海·上海·松江区,文化古迹,,热度 0.0,上海市松江区广富林路3260弄
镇江金山,江苏·镇江·润州区,文化古迹,5A景区,热度 0.0,江苏省镇江市润州区金山路62号
大足石刻,重庆·重庆·大足县,文化古迹,5A景区,热度 0.78,重庆市大足县龙岗镇北山路7号
泸定桥,四川·甘孜州·泸定县,文化古迹,,热度 0.78,四川-甘孜州泸定县城大渡河上
千年瑶寨,广东·清远·连南瑶族,文化古迹,,热度 0.0,广东省清远市连南瑶族自治县三排镇南岗村
沙家浜,江苏·苏州·常熟市,文化古迹,5A景区,热度 0.72,江苏省苏州市常熟市阳澄湖畔
芙蓉镇,湖南·湘西·永顺县,文化古迹,,热度 0.7,湘西土家族苗族自治州永顺县
武夷山,福建·南平·武夷山市,文化古迹,5A景区,热度 1.0,福建省南平市武夷山国家旅游度假区
崇圣寺三塔,云南·大理·大理古城,文化古迹,5A景区,热度 0.86,云南省大理市大理古城西北两公里的苍山应乐峰下
竹泉村,山东·临沂·沂南县,文化古迹,4A景区,热度 0.0,山东省临沂市沂南县铜井镇竹泉村
同里古镇,江苏·苏州·吴江区,文化古迹,5A景区,热度 0.8,江苏省苏州市吴江市同里镇
隋唐洛阳城明堂天堂景区,河南·洛阳·老城区,文化古迹,,热度 0.0,河南省洛阳市老城区中州中路与定鼎路交叉口处
西塘古镇,浙江·嘉兴·嘉善县,文化古迹,5A景区,热度 0.8400000000000001,浙江省嘉兴市嘉善县西塘镇
婺源篁岭,江西·上饶·婺源县,文化古迹,4A景区,热度 0.0,江西省上饶市婺源县江湾镇篁岭村
盐官观潮景区,浙江·嘉兴·海宁市,文化古迹,4A景区,热度 0.0,浙江省嘉兴海宁市盐官镇春熙路131号
东莞观音山旅游风景区,广东·东莞·东莞市,文化古迹,4A景区,热度 0.76,广东省东莞市樟木头镇石新区笔架山大道1号
阆中古城,四川·南充·阆中市,文化古迹,5A景区,热度 1.0,四川省阆中市阆水中路33号
乐山大佛,四川·乐山·市中区,文化古迹,5A景区,热度 0.82,四川省乐山市市中区凌云路2435号簏子街
韶关云门山,广东·韶关·乳源县,文化古迹,4A景区,热度 0.0,广东省韶关市乳源县乳城镇
黄姚古镇,广西·贺州·昭平县,文化古迹,4A景区,热度 1.0,广西壮族自治区贺州市昭平县
大明宫国家遗址公园,陕西·西安·新城区,文化古迹,4A景区,热度 0.72,陕西省西安市新城区自强东路585号大明宫国家遗址公园丹凤门
槟榔谷黎苗文化区,海南·保亭,文化古迹,5A景区,热度 0.72,海南省三亚市保亭黎苗族自治县甘什岭自然保护区
黄山风景区,安徽·黄山·黄山区,文化古迹,5A景区,热度 1.0,安徽省黄山市黄山区黄山风景区
司马台长城,北京·北京·密云县,文化古迹,4A景区,热度 0.76,北京市密云县东北部的古北口镇境内
大相国寺,河南·开封·龙亭区,文化古迹,4A景区,热度 0.9199999999999999,河南省开封市龙亭区自由西段36号
五台山,山西·忻州·五台县,文化古迹,5A景区,热度 1.0,山西省忻州市五台县台怀镇
独秀峰王城景区,广西·桂林·秀峰区,文化古迹,5A景区,热度 0.72,广西壮族自治区桂林市秀峰区王城路1号
婺源风景区,江西·上饶·婺源县,文化古迹,5A景区,热度 1.0,江西省上饶市婺源县文公北路
七里山塘,江苏·苏州·金阊区,文化古迹,4A景区,热度 0.74,江苏省苏州市金阊区广济路218号
龙虎山,江西·鹰潭,文化古迹,5A景区,热度 0.7,江西省鹰潭市西南20公里处贵溪市境内
丽江古城,云南·丽江·古城区,文化古迹,5A景区,热度 1.0,云南省丽江市玉龙纳西族自治县东大街1号
水洞沟旅游区,宁夏·银川·灵武市,文化古迹,5A景区,热度 0.82,"宁夏银川市灵武市临河镇水洞沟旅游景区（西距银川市19公里,距机场11公里）"
岭南印象园,广东·广州·番禺区,文化古迹,4A景区,热度 0.74,广东省广州市番禺区外环西路
大昭寺,西藏·拉萨·城关区,文化古迹,5A景区,热度 0.9199999999999999,西藏拉萨市城关区中心八角街
下司古镇,贵州·黔东南·麻江县,文化古迹,,热度 0.7,贵州省黔东南苗族侗族自治州麻江县下司镇内
溪口风景区,浙江·宁波·奉化市,文化古迹,5A景区,热度 0.9,浙江省宁波市奉化市溪口镇
大小洞天,海南·三亚·崖州区,文化古迹,5A景区,热度 0.78,海南省三亚市以西四十公里（崖城镇南山村）
雍和宫,北京·北京·东城区,文化古迹,,热度 0.76,北京市雍和宫大街12号
殷墟,河南·安阳·安阳县,文化古迹,5A景区,热度 0.9400000000000001,河南省安阳市西北郊小屯村
洪洞大槐树,山西·临汾·洪洞县,文化古迹,5A景区,热度 1.0,山西省临汾市洪洞县古槐北路公园街002号
黄花城水长城,北京·北京·怀柔区,文化古迹,4A景区,热度 0.7,北京市怀柔区九渡河镇西水峪
中山陵,江苏·南京·钟山风景区,文化古迹,5A景区,热度 1.0,江苏省南京市玄武区石象路7号
定陵,北京·北京·明十三陵,文化古迹,,热度 0.72,北京市昌平区十三陵特区明十三陵
白帝城,重庆·重庆·奉节县,文化古迹,4A景区,热度 0.78,重庆市近郊奉节县瞿塘峡口长江北岸
海南永庆寺文化旅游区,海南·澄迈,文化古迹,,热度 0.0,海南省澄迈县老城经济开发区盈滨半岛永庆寺
凤凰古城,湖南·湘西·凤凰县,文化古迹,4A景区,热度 1.0,湖南省湘西土家族苗族自治州凤凰县凤凰古城
西夏陵,宁夏·银川·西夏区,文化古迹,4A景区,热度 0.9800000000000001,宁夏回族自治区银川市西夏区贺兰山东麓
石岛赤山,山东·威海·荣成市,文化古迹,4A景区,热度 0.8,山东省威海荣成市石岛区法华路
良渚古城遗址公园,浙江·杭州·余杭区,文化古迹,4A景区,热度 0.0,浙江省杭州市余杭区凤都路与104国道交叉口西北200米良渚古城遗址公园
鸠兹古镇,安徽·芜湖·鸠江区,文化古迹,4A景区,热度 0.0,安徽省芜湖市鸠江区纬二路
昭化古城,四川·广元·元坝区,文化古迹,4A景区,热度 0.8800000000000001,四川省广元市元坝区昭化古城
印象西湖,浙江·杭州·西湖,文化古迹,,热度 0.0,浙江省杭州市西湖区北山路82号岳庙对面
炭河古城,湖南·长沙·宁乡县,文化古迹,,热度 0.7,湖南省长沙市宁乡县炭河古城
田螺坑土楼群,福建·漳州·南靖土楼,文化古迹,,热度 0.9800000000000001,福建省漳州市南靖县书洋镇
九华山,安徽·池州·青阳县,文化古迹,5A景区,热度 1.0,安徽省池州市九华山镇二一九省道
青龙古镇,山西·太原·阳曲县,文化古迹,,热度 0.7,太原市阳曲县紧邻尖草坪区
黄鹤楼,湖北·武汉·武昌区,文化古迹,5A景区,热度 1.0,武汉市武昌区蛇山西山坡特1号
程阳八寨景区,广西·柳州·三江县,文化古迹,4A景区,热度 0.7,广西省柳州市三江侗族自治县林溪乡程阳八寨
重元寺,江苏·苏州·工业园区,文化古迹,4A景区,热度 0.0,江苏省苏州市工业园区唯亭镇阳澄半岛
特呈渔岛度假村,广东·湛江·霞山区,文化古迹,,热度 0.0,湛江霞山区东堤路15号
三孔,山东·济宁·曲阜,文化古迹,5A景区,热度 0.86,山东省曲阜市明故城
岳阳楼,湖南·岳阳·岳阳楼区,文化古迹,5A景区,热度 1.0,湖南省岳阳市岳阳楼区洞庭北路60号
宝顶山景区,重庆·重庆·大足石刻,文化古迹,,热度 0.72,重庆市大足县宝顶镇大足石刻景区
昆明西山龙门景区,云南·昆明·西山区,文化古迹,4A景区,热度 0.74,云南省昆明市西山区西山公路
安义古村,江西·南昌·安义县,文化古迹,4A景区,热度 0.7,江西省南昌市安义县石彼镇罗田村
同里珍珠塔,江苏·苏州·同里古镇,文化古迹,,热度 0.7,江苏省苏州市同里镇
乌镇东栅,浙江·嘉兴·乌镇,文化古迹,,热度 0.0,浙江省嘉兴桐乡市乌镇子夜路18号
乾陵,陕西·咸阳·乾县,文化古迹,4A景区,热度 1.0,陕西省咸阳市乾县城北6公里梁山上
瑶里,江西·景德镇·浮梁县,文化古迹,4A景区,热度 0.9800000000000001,江西省景德镇市浮梁县087县道瑶里风景区
台州府城（江南长城）,浙江·台州·临海市,文化古迹,4A景区,热度 0.74,浙江省台州市临海市北山路江南长城景区
鼎湖山,广东·肇庆·星湖旅游景区,文化古迹,4A景区,热度 0.86,广东省肇庆市鼎湖区上山路坑口镇
蜈支洲岛,海南·三亚·海棠区,自然风光,5A景区,热度 0.86,海南省三亚市林旺镇海棠湾蜈支洲岛
南山文化旅游区,海南·三亚·崖州区,自然风光,5A景区,热度 0.76,海南省三亚市崖城镇南山村
九寨沟,四川·阿坝藏族羌族自治州·九寨沟县,自然风光,5A景区,热度 1.0,四川省阿坝藏族羌族自治州九寨沟县漳扎镇九寨沟
张掖七彩丹霞旅游景区,甘肃·张掖·临泽县,自然风光,4A景区,热度 0.0,甘肃省张掖市临泽县倪家营南台子村
天门山国家森林公园,湖南·张家界·永定区,自然风光,5A景区,热度 0.82,湖南省张家界市永定区天门山索道站
张家界国家森林公园,湖南·张家界·武陵源区,自然风光,5A景区,热度 0.9400000000000001,湖南省张家界市武陵源区
华山景区,陕西·渭南·华阴市,自然风光,5A景区,热度 1.0,陕西省渭南市华阴市境内
普陀山风景区,浙江·舟山·普陀区,自然风光,5A景区,热度 1.0,浙江省舟山市普陀区
剑门关,四川·广元·剑阁县,自然风光,5A景区,热度 1.0,四川省广元市剑阁县河东街64号
牛首山文化旅游区,江苏·南京·江宁区,自然风光,4A景区,热度 0.0,江苏省南京市江宁区宁丹大道18号
康定情歌木格措风景区,四川·甘孜州·康定市,自然风光,4A景区,热度 0.0,四川省甘孜州康定县雅拉乡王母村
沙坡头旅游区,宁夏·中卫·沙坡头区,自然风光,5A景区,热度 1.0,宁夏回族自治区中卫市沙坡头区迎水桥镇
稻城亚丁,四川·甘孜州·稻城县,自然风光,4A景区,热度 1.0,四川省甘孜藏族自治州稻城县
泰山,山东·泰安·泰山区,自然风光,5A景区,热度 1.0,山东省泰安市泰山区红门路54号
壶口瀑布,陕西·延安·宜川县,自然风光,4A景区,热度 1.0,陕西省延安市宜川县壶口乡
海螺沟,四川·甘孜州·泸定县,自然风光,5A景区,热度 0.9,四川省甘孜藏族自治州泸定县木西镇共和村
天涯海角,海南·三亚·天涯区,自然风光,4A景区,热度 0.9,海南省三亚市沿海滨西行26公里天涯镇马岭山麓
乌镇西栅,浙江·嘉兴·乌镇,自然风光,,热度 0.0,浙江省嘉兴市桐乡市乌镇西大街
毕棚沟,四川·阿坝藏族羌族自治州·理县,自然风光,4A景区,热度 0.7,四川省阿坝州理县朴头乡朴头村88号
青城山,四川·成都·都江堰市,自然风光,5A景区,热度 0.96,四川省成都市都江堰市青城山路
虎丘,江苏·苏州·金阊区,自然风光,5A景区,热度 0.8,江苏省苏州市金阊区山塘街虎丘山门内8号
鸣沙山月牙泉,甘肃·酒泉·敦煌市,自然风光,5A景区,热度 0.86,甘肃省酒泉敦煌市
本溪水洞,辽宁·本溪·本溪县,自然风光,5A景区,热度 1.0,辽宁省本溪市本溪满族自治县谢家崴子村
鼓浪屿,福建·厦门·思明区,自然风光,5A景区,热度 0.9800000000000001,福建省厦门市思明区鼓浪屿
梵净山,贵州·铜仁·铜仁市,自然风光,5A景区,热度 1.0,中国贵州铜仁市江口县太平乡黑湾河梵净山景区
西岛,海南·三亚·天涯区,自然风光,4A景区,热度 0.78,海南省三亚市三亚湾西岛
灵山大佛,江苏·无锡·灵山胜境,自然风光,5A景区,热度 1.0,江苏省无锡市滨湖区灵山路1号
关门山国家森林公园,辽宁·本溪·本溪县,自然风光,4A景区,热度 0.86,辽宁省本溪市本溪县山城子镇本溪水洞南13公里
洞天仙境,广东·清远·峰林胜境,自然风光,,热度 0.0,广东省清远英德市九龙镇英西峰林景区内
南山竹海,江苏·常州·天目湖,自然风光,5A景区,热度 0.8800000000000001,江苏省常州溧阳市横涧镇李家园下场园10号
瘦西湖,江苏·扬州·邗江区,自然风光,5A景区,热度 1.0,江苏省扬州市维扬区长春路118号
景德镇古窑民俗博览区,江西·景德镇·昌江区,自然风光,5A景区,热度 0.0,江西省景德镇市昌江区瓷都大道古窑路1号
武功山,江西·萍乡·芦溪县,自然风光,5A景区,热度 1.0,江西省萍乡市芦溪县
老君山景区,河南·洛阳·栾川县,自然风光,5A景区,热度 0.72,河南省洛阳市栾川县城东
红山森林动物园,江苏·南京·玄武区,自然风光,,热度 0.0,江苏省南京市玄武区和燕路168号
黄果树瀑布,贵州·安顺·黄果树风景名胜区,自然风光,5A景区,热度 1.0,贵州省安顺镇宁布依族苗族自治县黄果树瀑布
东江湖,湖南·郴州·资兴市,自然风光,5A景区,热度 0.86,郴州市资兴市王家庄88号
西湖,浙江·杭州·西湖区,自然风光,5A景区,热度 1.0,浙江省杭州市西湖区龙井路1号
玉龙雪山,云南·丽江·玉龙县,自然风光,5A景区,热度 0.96,云南省丽江市玉龙纳西族自治县
莫干山,浙江·湖州·德清县,自然风光,4A景区,热度 0.82,浙江省湖州市德清县莫干山风景名胜区
云台山,河南·焦作·修武县,自然风光,5A景区,热度 1.0,河南省焦作市修武县修武正北30公里方庄（靠近233省道）
红海滩国家风景廊道,辽宁·盘锦·大洼县,自然风光,5A景区,热度 0.0,辽宁省盘锦市大洼区赵圈河镇红海滩国家风景廊道
桂林两江四湖景区,广西·桂林·秀峰区,自然风光,5A景区,热度 0.7,广西壮族自治区桂林市秀峰区滨江路12号
银子岩,广西·桂林·荔浦县,自然风光,4A景区,热度 0.78,广西壮族自治区桂林市荔浦县马岭镇小青山银子岩景区
鹿回头风景区,海南·三亚·吉阳区,自然风光,4A景区,热度 0.8,海南省三亚市西南端鹿回头半岛内
武隆天坑地缝国家地质公园,重庆·重庆·武隆县,自然风光,5A景区,热度 0.0,重庆市武隆县银杏大道武隆喀斯特旅游区
庐山风景名胜区,江西·九江·庐山市,自然风光,5A景区,热度 1.0,江西省九江市庐山区
黄龙风景区,四川·阿坝藏族羌族自治州·松潘县,自然风光,5A景区,热度 0.74,四川省阿坝藏族羌族自治州松潘县
钟山风景区,江苏·南京·玄武区,自然风光,4A景区,热度 0.76,江苏省南京市玄武区石象路7号
龙宫,贵州·安顺·镇宁县,自然风光,5A景区,热度 0.72,贵州省安顺市镇宁县龙宫镇
象山景区,广西·桂林·象山区,自然风光,5A景区,热度 0.7,广西壮族自治区桂林市民主路52号
三清山,江西·上饶·玉山县,自然风光,5A景区,热度 0.86,江西省上饶市玉山县
夫子庙,江苏·南京·秦淮区,自然风光,5A景区,热度 0.8800000000000001,江苏省南京市秦淮区龙蟠中路夫子庙
刘公岛,山东·威海·环翠区,自然风光,5A景区,热度 1.0,山东省威海市海滨北路101-2号
金塔沙漠胡杨林景区,甘肃·酒泉·金塔县,自然风光,,热度 0.0,甘肃省酒泉市金塔县城以西约6公里
增城白水寨风景名胜区,广东·广州·增城,自然风光,4A景区,热度 0.72,广东省广州市增城市派潭镇白水寨风景名胜区
鞍山千山,辽宁·鞍山·千山区,自然风光,5A景区,热度 0.9,辽宁省鞍山市千山区千山东路79号
响沙湾,内蒙古·鄂尔多斯·达拉特旗,自然风光,5A景区,热度 0.8400000000000001,内蒙古鄂尔多斯市达拉特旗响沙湾景区
额济纳胡杨林,内蒙古·阿拉善盟·额济纳旗,自然风光,,热度 0.0,内蒙古自治区阿拉善盟额济纳旗达来呼布镇西南28公里处
千岛湖,浙江·杭州·淳安县,自然风光,5A景区,热度 0.78,浙江省杭州市淳安县梦姑路
德天跨国瀑布,广西·崇左·大新县,自然风光,5A景区,热度 1.0,广西壮族自治区崇左市大新县硕龙镇陇宏村德天跨国瀑布景区
赤水丹霞旅游区·大瀑布,贵州·遵义·赤水游客中心,自然风光,4A景区,热度 0.74,贵州省遵义市赤水市两河口乡
瓦屋山,四川·眉山·洪雅县,自然风光,3A景区,热度 1.0,四川省眉山市洪雅县瓦屋山镇
鸽子窝公园,河北·秦皇岛·北戴河区,自然风光,4A景区,热度 0.78,河北省秦皇岛市北戴河区海滨东北角鸽赤路
天津盘山风景名胜区,天津·天津·蓟县,自然风光,5A景区,热度 0.8,天津市蓟县官庄镇北15公里处
辰山植物园,上海·上海·佘山国家旅游度假区,自然风光,,热度 0.0,上海市松江区辰花公路3888号
柯岩风景区,浙江·绍兴·绍兴县,自然风光,4A景区,热度 0.82,浙江省绍兴市绍兴县柯岩大道558号
鸡足山,云南·大理·大理市,自然风光,4A景区,热度 0.7,云南省大理州宾川县以西约30公里处
福建天柱山欢乐大世界,福建·漳州·长泰县,自然风光,,热度 0.0,福建省漳州市长泰县马洋溪锦溪路888号
九如山度假风景区,山东·济南·历城区,自然风光,4A景区,热度 0.7,山东省济南市南部山区西营街道
火山口国家地质公园,海南·海口·秀英区,自然风光,4A景区,热度 0.0,海南省海口市秀英区石山镇
镜泊湖风景区,黑龙江·牡丹江·宁安市,自然风光,5A景区,热度 0.9,黑龙江省牡丹江市宁安市火山口旅游公路
小七孔景区,贵州·黔南·荔波樟江,自然风光,,热度 0.7,贵州省黔南州荔波县
白石岭风景区,海南·琼海,自然风光,,热度 0.74,海南省琼海市加积镇白石岭风景区
武隆仙女山国家森林公园,重庆·重庆·武隆天坑地缝国家地质公园,自然风光,5A景区,热度 0.82,重庆市武隆县境乌江北岸双河乡
镇江金山,江苏·镇江·润州区,自然风光,5A景区,热度 0.0,江苏省镇江市润州区金山路62号
东钱湖,浙江·宁波·鄞州区,自然风光,3A景区,热度 0.8,浙江省宁波市鄞州区东钱湖镇
碧峰峡,四川·雅安·雨城区,自然风光,5A景区,热度 0.9,四川省雅安市雨城区下里乡碧峰镇
沙湖旅游区,宁夏·石嘴山·平罗县,自然风光,5A景区,热度 1.0,宁夏省石嘴山市平罗县境内西大滩（沙湖生态旅游区）
五指石,广东·梅州·平远县,自然风光,4A景区,热度 0.74,广东省梅州市平远县差干镇
通灵大峡谷,广西·百色·靖西县,自然风光,4A景区,热度 1.0,广西壮族自治区百色市靖西县湖润镇新灵村
缙云仙都,浙江·丽水·缙云县,自然风光,5A景区,热度 1.0,浙江省丽水市缙云县城东7公里处
千年瑶寨,广东·清远·连南瑶族,自然风光,,热度 0.0,广东省清远市连南瑶族自治县三排镇南岗村
明月山,江西·宜春·袁州区,自然风光,5A景区,热度 1.0,江西省宜春市袁州区温汤镇
古龙峡玻璃大峡谷,广东·清远·清新区,自然风光,4A景区,热度 0.0,广东省清远市清新区三坑滩
中国福州云顶,福建·福州·永泰县,自然风光,,热度 0.0,福建省福州市永泰县
沙家浜,江苏·苏州·常熟市,自然风光,5A景区,热度 0.72,江苏省苏州市常熟市阳澄湖畔
天山天池,新疆·昌吉·阜康市,自然风光,5A景区,热度 1.0,新疆维吾尔自治区昌吉回族自治州阜康市
西岭雪山,四川·成都·大邑县,自然风光,4A景区,热度 0.74,四川省成都市大邑县内
分界洲岛旅游区,海南·陵水,自然风光,5A景区,热度 1.0,海南省三亚市东北部分界洲岛
武夷山,福建·南平·武夷山市,自然风光,5A景区,热度 1.0,福建省南平市武夷山国家旅游度假区
地下大峡谷,山东·临沂·沂水县,自然风光,4A景区,热度 1.0,山东省临沂市沂水县姚店子镇永富庄
天桥沟国家森林公园,辽宁·丹东·宽甸县,自然风光,4A景区,热度 0.74,辽宁省丹东市宽甸县双山子镇黎明山庄
西部大峡谷温泉,云南·昭通·水富县,自然风光,4A景区,热度 0.0,云南省昭通市水富县金沙江畔
太姥山,福建·宁德·福鼎市,自然风光,5A景区,热度 1.0,福建省宁德福鼎市太姥山
垂云通天河,浙江·杭州·桐庐县,自然风光,4A景区,热度 0.7,浙江省杭州市桐庐县瑶琳镇东琳村杨家
中南百草原,浙江·湖州·安吉县,自然风光,4A景区,热度 0.74,浙江省湖州市安吉县递铺镇马鞍山村
神仙居,浙江·台州·仙居,自然风光,5A景区,热度 0.76,浙江省台州市仙居县白塔镇
焦山,江苏·镇江·京口区,自然风光,5A景区,热度 0.9400000000000001,江苏省镇江市东吴路焦山公园
溱湖国家湿地公园,江苏·泰州·姜堰市,自然风光,5A景区,热度 1.0,江苏省泰州市姜堰市溱潼镇
黄腾峡天门悬廊,广东·清远·清城区,自然风光,,热度 0.0,广东省清远市清城区东城街石板村
玉龙沙湖,内蒙古·赤峰·翁牛特旗,自然风光,4A景区,热度 0.76,内蒙古赤峰市翁牛特旗乌丹镇布日敦嘎查境内
大金湖,福建·三明·泰宁县,自然风光,5A景区,热度 1.0,福建省三明泰宁县大金湖世界地质公园内
金海湖风景区,北京·北京·平谷区,自然风光,4A景区,热度 0.7,北京市平谷区东南盘山脚下海子村
禾木风景区,新疆·阿勒泰·阿勒泰市,自然风光,,热度 0.0,新疆维吾尔自治区阿勒泰地区布尔津县
龙口南山旅游区,山东·烟台·龙口市,自然风光,5A景区,热度 0.72,山东省烟台龙口市东江镇南山旅游景区
桓仁枫林谷,辽宁·本溪·桓仁县,自然风光,,热度 0.0,辽宁省本溪市桓仁本溪市桓仁县向阳乡
武隆天生三桥风景区,重庆·重庆·武隆天坑地缝国家地质公园,自然风光,5A景区,热度 0.72,重庆市武隆县龙桥街巷口镇芙蓉路88号
九皇山,四川·绵阳·北川新县城,自然风光,4A景区,热度 0.76,四川省绵阳市北川羌族自治县桂溪乡金宝石村九皇山景区
老君洞,广西·柳州·融水县,自然风光,,热度 0.0,广西柳州市融水县204省道老君洞
韶关云门山,广东·韶关·乳源县,自然风光,4A景区,热度 0.0,广东省韶关市乳源县乳城镇
沂蒙山银座天蒙旅游区,山东·临沂·费县,自然风光,,热度 0.0,山东省临沂市费县北部（距费县县城约25公里）
肇庆七星岩,广东·肇庆·星湖旅游景区,自然风光,4A景区,热度 0.0,广东省肇庆市端州区迎宾大道七星岩旅游度假区内
九曲黄河第一弯,四川·阿坝藏族羌族自治州·唐克乡,自然风光,,热度 0.0,四川省阿坝州诺尔盖县唐克乡
织金洞,贵州·毕节·织金县,自然风光,4A景区,热度 1.0,贵州省毕节市织金县官寨乡织金洞景区
林屋洞,江苏·苏州·太湖西山岛,自然风光,,热度 0.7,江苏省苏州市吴中区西山镇下村
黄山风景区,安徽·黄山·黄山区,自然风光,5A景区,热度 1.0,安徽省黄山市黄山区黄山风景区
恒山,山西·大同·浑源县,自然风光,4A景区,热度 0.76,山西省大同市浑源县恒山南路
瑶琳仙境,浙江·杭州·桐庐县,自然风光,4A景区,热度 0.7,浙江省杭州市桐庐县瑶琳镇桃源村瑶淋路
都峤山生态旅游景区,广西·玉林·容县,自然风光,,热度 0.0,广西省玉林市容县石寨镇
灵山小镇拈花湾,江苏·无锡·滨湖区,农家度假,5A景区,热度 0.0,江苏省无锡市滨湖区马山环山西路
长鹿旅游休博园,广东·佛山·顺德区,农家度假,5A景区,热度 0.72,广东省佛山市顺德区伦教三洲建设东路8号
隐贤山庄,广东·东莞·东莞市,农家度假,4A景区,热度 0.7,广东省东莞市常平镇隐贤山庄大道8号
峰林小镇,广东·清远·峰林胜境,农家度假,,热度 0.0,英德市九龙镇九沙路九龙小镇国际生态农业度假区
盈香生态园,广东·佛山·高明区,农家度假,,热度 0.0,广东省佛山市高明区荷城街道办冼村
东莞龙凤山庄影视渡假村,广东·东莞·东莞市,农家度假,4A景区,热度 0.0,广东省东莞市凤岗镇官井头大龙管理区龙凤山庄路
青青世界,广东·深圳·南山区,农家度假,4A景区,热度 0.72,广东省深圳市南山区月亮湾青青街1号
乐和乐都野生动物世界,重庆·重庆·乐和乐都主题公园,农家度假,4A景区,热度 0.0,重庆永川区近郊卫星湖街道凤龙路999号野生动物园
槟榔谷黎苗文化区,海南·保亭,农家度假,5A景区,热度 0.72,海南省三亚市保亭黎苗族自治县甘什岭自然保护区
深圳光明农场农科大观园,广东·深圳·宝安区,农家度假,,热度 0.72,广东省深圳市宝安区深圳宝安光明街道
压油沟风景区,山东·临沂,农家度假,,热度 0.0,山东省临沂市兰陵县压油沟村
天府花溪谷山地户外运动体验公园,四川·成都·大邑县,农家度假,,热度 0.0,四川省成都市大邑县金星乡和平村10组
云岚牧场,浙江·温州·泰顺县,农家度假,,热度 0.0,温州市泰顺县柳峰乡墩头村高场坪
美的鹭湖爱丽丝庄园,广东·佛山·高明区,农家度假,,热度 0.0,广东省佛山市高明区杨和镇高明大道218号
双桥沟,四川·阿坝藏族羌族自治州·四姑娘山,农家度假,,热度 0.7,四川省阿坝藏族羌族自治州小金县日隆镇四姑娘山自然风景区
羊毛沟花海湿地,山东·青岛·城阳区,农家度假,,热度 0.0,山东省青岛市城阳棘洪滩下崖社区东侧、春阳路北、正源路和科兴路交界处
大梨树生态旅游区,辽宁·丹东·凤城市,农家度假,4A景区,热度 0.0,辽宁省凤城市大梨树生态农业观光旅游区
特呈渔岛度假村,广东·湛江·霞山区,农家度假,,热度 0.0,湛江霞山区东堤路15号
长山薰衣草庄园,江苏·镇江·丹徒区,农家度假,,热度 0.0,江苏省镇江市丹徒新区长香路转海燕西路
漫花庄园,四川·成都·新都区,农家度假,,热度 0.0,四川省成都市新都区
烟台牟氏庄园,山东·烟台·栖霞市,农家度假,4A景区,热度 0.76,山东省烟台市栖霞市霞光路庄园南街6号
南沙水鸟世界生态园,广东·广州·南沙区,农家度假,,热度 0.0,广东广州南沙区万顷沙镇十七与十八涌之间
临沂龙园旅游区,山东·临沂·河东区,农家度假,,热度 0.0,山东省临沂市河东区汤头街道办事处临沂龙园旅游区
海上田园,广东·深圳·宝安区,农家度假,4A景区,热度 0.74,广东省深圳市宝安区沙井镇
仙凤三宝,江西·萍乡·芦溪县,农家度假,4A景区,热度 0.0,江西萍乡市芦溪县宣风镇竹垣村
那琴半岛地质海洋公园,广东·江门·台山市,农家度假,,热度 0.0,广东省台山市北陡镇那琴半岛海景1街1号
清境桃源生态旅游度假区,福建·泉州·南安市,农家度假,,热度 0.0,福建省泉州市丰州镇环山村水吼村
稻梦空间,辽宁·沈阳·沈北新区,农家度假,,热度 0.0,辽宁省沈阳市沈北新区兴隆台锡伯族镇兴光村
蓬莱黄金河度假村,山东·烟台·蓬莱市,农家度假,,热度 0.0,山东省烟台市蓬莱市大柳行镇
参仙谷生态旅游度假区,辽宁·抚顺·新宾县,农家度假,,热度 0.0,辽宁省抚顺市新宾满族自治县林场
武威温泉度假村,甘肃·武威·凉州区,农家度假,,热度 0.0,甘肃省武威市凉州区西营镇五沟村
新会古兜温泉旅游度假村,广东·江门·新会区,农家度假,4A景区,热度 0.78,广东省江门市新会区崖南古兜温泉度假村
常家庄园,山西·晋中·榆次区,农家度假,4A景区,热度 0.76,山西省晋中市榆次区东阳镇车辋村
迪茵湖休闲生态旅游度假区,广东·中山,农家度假,,热度 0.0,广东省中山市三角镇金三大道东8号之二
白马涧,江苏·苏州·高新区,农家度假,4A景区,热度 0.0,江苏省苏州市高新区枫桥街道华山路
水锦顺庄旅游景区,广西·南宁·马山县,农家度假,,热度 0.0,广西省南宁市马山县古零镇乐平村水锦屯距马山县城约28公里
山叶口景区,河北·唐山·迁安市,农家度假,4A景区,热度 0.0,河北省唐山迁安市西部大五里乡山叶口村
河源巴伐利亚庄园,广东·河源·源城区,农家度假,,热度 0.0,河源市源城区万洞旅游区巴伐利亚庄园
朱仙镇启封故园景区,河南·开封,农家度假,,热度 0.0,河南省开封市祥符区运粮河西岸朱仙镇启封故园
曲阳虎山风景区,河北·保定·曲阳县,农家度假,4A景区,热度 0.0,河北省保定市曲阳县范家庄乡虎山村
苏州江南农耕文化园,江苏·苏州·张家港市,农家度假,4A景区,热度 0.0,江苏省苏州市张家港市妙丰公路与永钢大道交汇处
巴布洛生态谷,江苏·南京·六合区,农家度假,,热度 0.0,江苏省南京市六合区竹镇镇永鸿巴布洛生态
刘氏庄园,四川·成都·安仁古镇,农家度假,4A景区,热度 0.7,四川省成都市大邑县安仁镇金桂街15号
张裕摩塞尔十五世酒庄,宁夏·银川·西夏区,农家度假,,热度 0.0,宁夏银川市西夏区经济技术开发区六盘山路359号。
云南红酒庄,云南·红河·弥勒县,农家度假,,热度 0.0,云南省红河州弥勒县东风农场云南红酒庄
凤翔首邑温泉度假村,福建·福州·闽侯县,农家度假,,热度 0.0,福建省福州市闽侯县荆溪东大道41号 凤翔首邑温泉度假村
佛山梦里水乡百花园,广东·佛山·南海区,农家度假,,热度 0.0,广东省佛山市南海区里水镇广和大桥南侧梦里水乡百花园
望天湖旅游度假区,广东·揭阳,农家度假,,热度 0.0,广东省揭阳市蓝城区白塔镇广和草山望天湖
甘坑客家小镇,广东·深圳·龙岗区,农家度假,,热度 0.0,广东深圳市龙岗区布吉街道甘坑客家小镇
西海温泉,江西·九江·永修县,农家度假,,热度 0.72,江西省九江市永修县易家河村
光合谷旅游度假区,天津·天津·静海县,农家度假,4A景区,热度 0.0,天津市静海县团泊镇新城东区光合谷旅游度假区
苏州太湖牛仔风情度假村,江苏·苏州·太湖西山岛,农家度假,,热度 0.7,江苏省苏州市吴中区太湖金山岛金庭镇消夏湾
花谷奇缘旅游度假区,江苏·常州·金坛区,农家度假,,热度 0.0,常州市金坛区茅山旅游度假区林场路1号
伏尔加庄园,黑龙江·哈尔滨·香坊区,农家度假,4A景区,热度 0.0,黑龙江省哈尔滨市香坊区哈成路16公里处
中山泉林欢乐世界,广东·中山·中山市区,农家度假,,热度 0.0,广东省中山市三乡镇南龙村
珠海长隆国际海洋度假区,广东·珠海·金湾区,农家度假,,热度 0.0,广东省珠海市横琴岛南端环岛路长隆大道东侧
大梁酒庄田园乐翻天乐园,四川·成都·邛崃市,农家度假,,热度 0.0,四川省成都市邛崃市临邛镇文笔山村十三组
田野绿世界,广东·清远·佛冈县,农家度假,,热度 0.0,广东省清远市佛冈县石角镇龙南小潭
北戴河集发梦想王国,河北·秦皇岛·北戴河区,农家度假,4A景区,热度 0.72,河北省秦皇岛市北戴河海北路中段
云和湖仙宫,浙江·丽水·云和县,农家度假,4A景区,热度 0.0,浙江省丽水市云和县紧水滩镇
格林东庄,广东·广州·番禺区,农家度假,,热度 0.0,广东省广州市番禺区新造镇27B县道格林东庄西门
张裕爱斐堡,北京·北京·密云县,农家度假,4A景区,热度 0.0,北京市密云县巨各庄东白岩（近蔡家洼）
康百万庄园,河南·郑州·巩义市,农家度假,4A景区,热度 0.72,河南省巩义市康店镇庄园路59号
大连铭湖国际观光牧场,辽宁·大连·大连铭湖旅游渡假区,农家度假,4A景区,热度 0.0,辽宁省瓦房店市炮台镇沈大高速炮台出口
潘安水镇,江苏·徐州·贾汪区,农家度假,,热度 0.0,江苏省徐州市贾汪区潘安湖湿地风景区北侧潘安水镇
山里江南旅游休闲度假区,贵州·安顺·西秀区,农家度假,,热度 0.0,安顺市西秀区旧州镇东环路
张裕卡斯特酒庄,山东·烟台,农家度假,,热度 0.0,山东省烟台市经济技术开发区北于家
金子山原生态旅游风景区,广东·清远·连山县,农家度假,4A景区,热度 0.0,广东省清远市连山县国营连山林场巾子村
洋沙湖国际旅游度假区,湖南·岳阳·湘阴县,农家度假,,热度 0.0,湖南岳阳市湘阴县袁家铺镇吴家渡口
川山群岛旅游度假区,广东·江门·台山市,农家度假,4A景区,热度 0.0,广东省江门台山市上川岛业东中部
武汉花博汇,湖北·武汉·汉阳区,农家度假,,热度 0.0,武汉市蔡甸区大集街道知音湖大道天星村1号
滕头村,浙江·宁波·奉化市,农家度假,5A景区,热度 0.72,浙江省宁波市奉化市滕头村
国宝云龙谷,福建·泉州·德化县,农家度假,,热度 0.0,福建省泉州市德化县国宝乡
新疆古生态园（汗血马基地）,新疆·乌鲁木齐·新市区,农家度假,,热度 0.0,新疆省乌鲁木齐市高新区昆明路158号野马国际大厦副楼4L新疆古生态园
阜阳生态园,安徽·阜阳·颍泉区,农家度假,4A景区,热度 0.72,安徽省阜阳市欧阳修路666号
百年好合爱情谷,四川·绵阳·江油市,农家度假,,热度 0.0,四川省绵阳江油市大康镇
南天热带植物园,海南·三亚,农家度假,3A景区,热度 0.7,海南省三亚市天涯镇225国道南天生态大观园
观澜山水田园旅游文化园,广东·深圳·龙华新区,农家度假,4A景区,热度 0.7,广东省深圳市龙华区观澜镇君子布村环观南路
虔心小镇,江西·赣州·龙南县,农家度假,4A景区,热度 0.0,江西省赣州市龙南县临塘乡东坑村
都市菜园,上海·上海·奉贤区,农家度假,4A景区,热度 0.0,上海市奉贤区海湾镇海兴路888弄1号
水云涧温泉旅游度假区,辽宁·大连·金州区,农家度假,,热度 0.0,辽宁省大连市金州区三十里堡街道三道湾街区水云涧温泉旅游度假区
才村,云南·大理·大理古城,农家度假,,热度 0.0,云南省大理市大理古城东部
梦幻香山芳香文化园,海南·屯昌,农家度假,,热度 0.0,海南省屯昌县屯城镇加利坡村附近（中线高速公路旁）
张裕瑞那城堡酒庄,陕西·咸阳·渭城区,农家度假,,热度 0.0,陕西省咸阳市渭城区渭城镇
青岛西海岸生态观光园,山东·青岛·黄岛区,农家度假,,热度 0.0,山东省青岛市黄岛区胶州湾东路3666号
香草世界,广东·广州·花都区,农家度假,,热度 0.7,广东省广州市花都区花山镇铁山村香草世界
壕熊庄园,江苏·常州·新北区,农家度假,,热度 0.0,常州市新北区罗溪镇通达路99号
辽中花溪地温泉生态乐园,辽宁·沈阳,农家度假,,热度 0.0,辽宁省沈阳市辽中县杨士岗镇佑户坨村
湖州太湖旅游度假区,浙江·湖州·吴兴区,农家度假,4A景区,热度 0.0,浙江省湖州市吴兴区太湖路
天宫庄园,浙江·宁波·鄞州区,农家度假,4A景区,热度 0.72,浙江省宁波市鄞州区下应镇湾底村
金沙湾海滨度假区,广东·深圳·龙岗区,农家度假,3A景区,热度 0.7,广东省深圳市龙岗区大鹏镇大鹏市场街
常州太湖修心谷,江苏·常州·武进区,农家度假,,热度 0.0,江苏省常州市武进区雪堰镇环太湖路208号
红石寨,山东·临沂·沂南县,农家度假,,热度 0.0,山东省临沂市沂南县铜井镇红石寨旅游度假区
五彩田园农业嘉年华,广西·玉林·玉州区,农家度假,,热度 0.0,广西玉林玉州区鹿塘村
达人谷度假乐园（原绿野山居）,浙江·宁波·江北区,农家度假,4A景区,热度 0.0,浙江省宁波市江北区五星村
三国村,江苏·南京·江宁区,农家度假,,热度 0.0,江苏省南京市江宁区淳化街道淀淮社区马场山三国村
上海寻梦源香草农场,上海·上海·青浦区,农家度假,,热度 0.7,上海市青浦区朱家角镇沈太路2365号（近太阳岛温泉度假村）
葡萄沟,新疆·吐鲁番·吐鲁番市,农家度假,5A景区,热度 1.0,新疆省吐鲁番市东北10公里的火焰山中
农夫庄园,广东·清远·清城区,农家度假,,热度 0.0,广东省清远市清城区377省道北
大熊猫生态乐园,安徽·黄山·休宁县,农家度假,,热度 0.0,安徽省黄山市休宁县齐云西大道161号
御水古温泉,广东·茂名·电白县,农家度假,4A景区,热度 0.0,广东省茂名市电白县麻岗镇热水村
汕头丹樱生态园,广东·汕头·濠江区,农家度假,,热度 0.0,广东省汕头市濠江区河浦大道中段南侧
关山古镇,湖南·长沙·宁乡县,农家度假,4A景区,热度 0.0,长沙宁乡县金洲镇关山旅游社区
伏热花海庄园,江苏·南京·江浦县,农家度假,,热度 0.0,江苏省南京市句容市白兔镇中心村
永记生态园,广东·惠州·惠东县,农家度假,4A景区,热度 0.74,广东省惠州市惠东县大岭镇桥新区大岭镇桥新区(近永记大道)
青瓦房古村落,广西·南宁·西乡塘区,农家度假,,热度 0.0,广西壮族自治区南宁市西乡塘区石埠街道下灵村6队
三江县仙人山景区,广西·柳州,农家度假,,热度 0.0,广西柳州市三江侗族自治县八江乡布央村仙人山茶场
青龙湖公园,北京·北京·丰台区,农家度假,3A景区,热度 0.7,北京市丰台区王佐镇青龙湖公园
青山园景区,北京·北京·延庆县,农家度假,,热度 0.0,北京市延庆区刘斌堡乡青山园
爱莉丝庄园,重庆·重庆·黔江区,农家度假,,热度 0.0,重庆市黔江区冯家街道办事处中坝居委
太阳岛国际旅游度假区,上海·上海·青浦区,农家度假,4A景区,热度 0.7,上海市青浦区朱家角镇沈巷沈太路2588号
百山祖,浙江·丽水·庆元县,农家度假,,热度 0.76,浙江省丽水市庆元县百山祖乡车根村林学路66号
高淳国际慢城旅游度假区,江苏·南京·高淳县,农家度假,,热度 0.0,江苏省南京市高淳县桠溪镇
恩龙世界木屋村,安徽·宣城·宁国市,农家度假,4A景区,热度 0.76,安徽省宣城宁国市宁港路8公里处
扬州瘦西湖温泉,江苏·扬州·邗江区,农家度假,,热度 0.72,江苏省扬州市邗江区长春路38号
宝墩湖山温泉度假村,广东·清远·英德市,农家度假,,热度 0.0,广东省清远市英德市望埠镇新发奇石场东南侧
大樟沙滩度假村,广东·清远·英德市,农家度假,,热度 0.0,广东省清远英德市连江口镇大樟沙滩度假村
双龙潭生态运动景区,福建·厦门·集美区,农家度假,,热度 0.0,福建省厦门市集美区灌口镇坑内村
广州二龙山花园,广东·广州·增城,农家度假,,热度 0.0,广东省广州市增城市小楼镇二龙邓山
西安东大秦龙温泉,陕西·西安·长安区,农家度假,,热度 0.0,陕西省西安市长安区东大街办地热开发区东大村88号（三资学院隔壁）
客都温泉,福建·龙岩·永定县,农家度假,,热度 0.0,福建省龙岩市永定县下洋镇203省道旁
翼云石头部落旅游度假区,山东·枣庄·山亭区,农家度假,4A景区,热度 0.0,山东省枣庄市山亭区兴隆庄村
天津蓟县紫云水岸香草园,天津·天津·蓟县,农家度假,,热度 0.0,天津蓟县穿芳裕镇大巨各庄村
重庆彩色森林景区,重庆·重庆·巴南区,农家度假,,热度 0.0,重庆市巴南区丰盛镇油房村
京明温泉度假村,广东·揭阳·揭西县,农家度假,4A景区,热度 0.0,广东省揭阳市揭西县京溪园镇
北京河北村民俗文化体验园,北京·北京·顺义区,农家度假,,热度 0.0,北京市顺义区南彩镇河北村
南京雨发生态旅游区,江苏·南京·浦口区,农家度假,,热度 0.0,江苏省南京市浦口汤泉街道雨发生态园
小白鹭海滨度假村,福建·宁德·福鼎市,农家度假,,热度 0.0,福建省宁德福鼎市小白鹭海湾
宋城文化旅游度假区,海南·三亚·河东区,农家度假,,热度 0.0,三亚市吉阳区迎宾路333号宋城文化旅游度假区
威海多福山国际养生旅游度假区,山东·威海·乳山市银滩旅游度假区,农家度假,3A景区,热度 0.0,山东省威海市乳山市银滩旅游度假区小陶村北
兰陵国家农业公园,山东·临沂,农家度假,4A景区,热度 0.0,山东省临沂市兰陵县顺河路中段
天堂湖温泉度假山庄,广西·玉林·容县,农家度假,,热度 0.0,广西省玉林市容县黎村镇温泉村
阿尔卡迪亚温泉,河北·秦皇岛·黄金海岸,农家度假,,热度 0.0,河北省秦皇岛市昌黎县黄金海岸海滨高尔夫球会阿尔卡迪亚滨海度假酒店荣合心苑温泉
凤凰沟,江西·南昌·南昌县,农家度假,4A景区,热度 0.0,江西省南昌市南昌县黄马乡凤凰沟（自驾320国道修路，到银三角上桥，然后从昌南上高速，往上海方向走一段高速，从黄马下）
湘湖旅游度假区,浙江·杭州·萧山区,农家度假,4A景区,热度 0.7,浙江杭州萧山区风情大道2758号
张裕国际葡萄酒城旅游区,山东·烟台·福山区,农家度假,4A景区,热度 0.0,山东省烟台市福山区古镇办事处
中国天眼驿站,贵州·黔南,农家度假,,热度 0.0,贵州省黔南布依族苗族自治州罗甸县边阳镇中国天眼驿站
苏家围,广东·河源·东源县,农家度假,,热度 0.78,广东省河源市东源县义合镇苏家围客乡村旅游区
安波鸿缘温泉山庄,辽宁·大连·普兰店市,农家度假,,热度 0.0,辽宁省大连普兰店市安波温泉旅游度假区
河源天上人间温泉度假村,广东·河源·和平县,农家度假,,热度 0.0,广东省河源市和平县大坝镇汤湖村
袁家村·关中大观园,陕西·咸阳·礼泉县,农家度假,,热度 0.0,陕西省咸阳礼泉县袁家村
西樵渔耕粤韵旅游园,广东·佛山·西樵山,农家度假,,热度 0.0,广东省佛山市南海区西樵镇环山大道西樵山南门（国艺影视城对面）
东方普罗旺斯薰衣草庄园,北京·北京·怀柔区,农家度假,,热度 0.0,北京市怀柔区青春路北环岛向西500米（慕田峪方向）
泰康山生态旅游度假区,广东·佛山·高明区,农家度假,,热度 0.0,广东省佛山市高明区
第五季龙水凤港生态农场,北京·北京·通州区,农家度假,,热度 0.0,北京市通州区于家务京津高速张采路出口
美心红酒小镇,重庆·重庆·涪陵区,农家度假,,热度 0.0,重庆市涪陵区蔺市镇美心红酒小镇
紫图生态庄园,河北·廊坊·大厂县,农家度假,,热度 0.0,廊坊市大厂回族自治县陈府乡东杨辛庄村西侧
丽田园休闲农庄,福建·厦门·同安区,农家度假,,热度 0.0,福建省厦门市同安区莲花镇云洋村溪墘自然村
古孝感乡都生态旅游度假村,湖北·黄冈·麻城市,农家度假,,热度 0.0,湖北省黄冈市麻城市003乡道沈家庄
伟丰生态农场,广东·中山,农家度假,,热度 0.0,广东省中山市民众镇新伦村南崛尾围（即新伦加油站旁农路直入800米）
上海迪士尼乐园,上海·上海·浦东新区,游乐场,,热度 0.0,上海市浦东新区川沙镇黄赵路310号上海迪士尼乐园
七彩云南欢乐世界,云南·昆明·晋宁县,游乐场,,热度 0.0,云南省昆明市晋宁区晋城镇
大连圣亚海洋世界,辽宁·大连·沙河口区,游乐场,4A景区,热度 0.82,辽宁省大连市沙河口区中山路608-6-8号（星海广场西500米，星海公园内）
长隆欢乐世界,广东·广州·广州长隆旅游度假区,游乐场,5A景区,热度 0.0,广东省广州市番禺区长隆旅游度假区内
中华恐龙园,江苏·常州·新北区,游乐场,5A景区,热度 0.74,常州市新北区环球恐龙城河海东路60号
长鹿旅游休博园,广东·佛山·顺德区,游乐场,5A景区,热度 0.72,广东省佛山市顺德区伦教三洲建设东路8号
上海欢乐谷,上海·上海·松江区,游乐场,4A景区,热度 0.72,上海市松江区佘山镇林湖路888号
隐贤山庄,广东·东莞·东莞市,游乐场,4A景区,热度 0.7,广东省东莞市常平镇隐贤山庄大道8号
北京欢乐谷,北京·北京·朝阳区,游乐场,4A景区,热度 0.72,北京市朝阳区东四环小武基北路
宋城千古情,浙江·杭州·西湖区,游乐场,,热度 0.0,浙江省杭州市西湖区之江路148号
广州长隆旅游度假区,广东·广州·番禺区,游乐场,5A景区,热度 0.7,广东省广州市番禺区番禺大道
深圳欢乐谷,广东·深圳·南山区,游乐场,5A景区,热度 0.8,广东省深圳市南山区华侨城侨城街1号
世界之窗,广东·深圳·华侨城,游乐场,5A景区,热度 0.0,广东省深圳市南山区深南大道9037号
东部华侨城大侠谷,广东·深圳·东部华侨城,游乐场,,热度 0.0,广东省深圳市盐田区大梅沙东部华侨城
杭州Hello Kitty乐园,浙江·湖州·安吉县,游乐场,,热度 0.0,浙江省湖州市安吉县天使大道1号
龙谷湾恐龙公园,广西·崇左·扶绥县,游乐场,,热度 0.0,广西省崇左市扶绥县岜盆乡祥宁路1号
杭州野生动物世界,浙江·杭州·富阳市,游乐场,4A景区,热度 0.7,浙江省杭州富阳市杭富路九龙大道1号
罗源湾海洋世界,福建·福州·罗源县,游乐场,,热度 0.0,福建省福州市罗源县罗源湾开发区江滨南路1号
杭州动物园,浙江·杭州·西湖区,游乐场,5A景区,热度 0.7,浙江省杭州市西湖区虎跑路40号
海昌发现王国,辽宁·大连·金石滩旅游度假区,游乐场,,热度 0.0,辽宁省大连市金州区金石路36号金石滩国家旅游度假区
东部华侨城,广东·深圳·盐田区,游乐场,4A景区,热度 0.76,广东省深圳市盐田区艺海东路东部华侨城
东莞龙凤山庄影视渡假村,广东·东莞·东莞市,游乐场,4A景区,热度 0.0,广东省东莞市凤岗镇官井头大龙管理区龙凤山庄路
南宁方特东盟神画,广西·南宁·青秀区,游乐场,,热度 0.0,广西省南宁市青秀区青环路66号
银基冰雪世界,河南·郑州·新密市,游乐场,,热度 0.0,河南省郑州市新密市刘寨镇银基国际旅游度假区
成都欢乐谷,四川·成都·金牛区,游乐场,4A景区,热度 0.74,四川省成都市金牛区西华大道16号（近北三环交大立交）
芜湖方特梦幻王国,安徽·芜湖·鸠江区,游乐场,5A景区,热度 0.0,安徽省芜湖市鸠江区赤铸山东路华强文化科技产业园
泉城欧乐堡梦幻世界,山东·德州·齐河县,游乐场,4A景区,热度 0.0,山东省德州市齐河县黄河国际生态城旅游路07号
重庆欢乐谷,重庆·重庆·渝北区,游乐场,4A景区,热度 0.0,重庆市渝北区金渝大道29号重庆欢乐谷
厦门方特梦幻王国,福建·厦门·厦门方特旅游区,游乐场,4A景区,热度 0.0,福建省厦门市同安区石浔南路1111号
象山影视城,浙江·宁波·象山县,游乐场,4A景区,热度 0.7,浙江省宁波市象山县新桥镇大塘港生态旅游区
长沙生态动物园,湖南·长沙·长沙县,游乐场,4A景区,热度 0.0,湖南省长沙市长沙县暮云镇西湖村道芙蓉南路
温州动物园,浙江·温州·鹿城区,游乐场,3A景区,热度 0.72,浙江省温州市鹿城区雪山路367号景山公园
宁波方特东方神画,浙江·宁波·慈溪市,游乐场,4A景区,热度 0.0,浙江省宁波市杭州湾新区天宝路188号
苏州乐园森林世界,江苏·苏州·虎丘区,游乐场,,热度 0.0,江苏省苏州市高新区象山路99号
重庆汉海海洋公园,重庆·重庆·巴南区,游乐场,,热度 0.0,重庆市巴南区嘉龙路133号
天津欢乐谷,天津·天津·东丽区,游乐场,4A景区,热度 0.0,天津市东丽区东丽湖旅游度假区东丽之光大道
无锡融创乐园,江苏·无锡·滨湖区,游乐场,,热度 0.0,江苏省无锡市滨湖区缘溪道无锡融创乐园
杭州乐园,浙江·杭州·萧山区,游乐场,4A景区,热度 0.72,浙江省杭州市萧山区风情大道2555号
国色天乡·陆地乐园,四川·成都·国色天乡,游乐场,,热度 0.0,四川省成都市温江区万春镇天香路88号国色天乡乐园
美的鹭湖探索王国,广东·佛山·美的鹭湖爱丽丝庄园,游乐场,,热度 0.0,广东省佛山市高明区高明大道218号，美的鹭湖森林度假区内
福州欧乐堡海洋世界,福建·福州·永泰县,游乐场,,热度 0.0,福建省福州市永泰县葛岭镇旅游路7号
南宫五洲植物乐园,北京·北京·丰台区,游乐场,,热度 0.0,北京市丰台区王佐镇南宫南路1号。
罗蒙环球乐园,浙江·宁波·鄞州区,游乐场,,热度 0.0,浙江省宁波市鄞州区鄞州大道中段1099号/萧皋东路820号罗蒙环球城
柳州卡乐星球,广西·柳州,游乐场,,热度 0.0,广西壮族自治区柳州市翠岭路9号
大同方特欢乐世界,山西·大同·南郊区,游乐场,4A景区,热度 0.0,山西省大同市平城区南环路南侧3666号
嬉戏谷,江苏·常州·武进区,游乐场,4A景区,热度 0.0,江苏省常州市武进区太湖湾嬉戏谷大道1号
天津方特欢乐世界,天津·天津·滨海新区,游乐场,,热度 0.0,天津市滨海新区中新生态城中生大道北首生态岛内
上海大世界,上海·上海·黄浦区,游乐场,,热度 0.7,上海市黄浦区西藏南路1号
沈阳方特欢乐世界,辽宁·沈阳·沈北新区,游乐场,,热度 0.0,辽宁省沈阳市市沈北新区道义开发区盛京大街55号
上海世茂精灵之城主题乐园（深坑秘境）,上海·上海·松江区,游乐场,,热度 0.0,上海市松江区辰花路5898号
郑州方特欢乐世界,河南·郑州·中牟县,游乐场,4A景区,热度 0.0,河南省郑州市中牟县郑开大道与人文路交汇口以南
杭州长乔极地海洋公园,浙江·杭州·萧山区,游乐场,4A景区,热度 0.7,浙江省杭州市萧山区湘湖路777号
顺德欢乐海岸PLUS,广东·佛山·顺德区,游乐场,,热度 0.0,广东省佛山市顺德区大良街道碧桂路以东欢乐大道欢乐海岸PLUS
印象西湖,浙江·杭州·西湖,游乐场,,热度 0.0,浙江省杭州市西湖区北山路82号岳庙对面
长沙世界之窗,湖南·长沙·开福区,游乐场,4A景区,热度 0.72,湖南省长沙市开福区三一大道485号(靠近湖南广电)
青岛方特梦幻王国,山东·青岛·城阳区,游乐场,,热度 0.0,山东省青岛市城阳区红岛街道岙东南路华南文化产业基地内
皇家海洋乐园,辽宁·抚顺·望花区,游乐场,4A景区,热度 0.9199999999999999,辽宁沈阳沈抚新城高湾(沈阳世博园南门东7KM)
长影环球100奇幻乐园,海南·海口·秀英区,游乐场,,热度 0.0,海南省海口市秀英区椰海大道100号长影环球100旅游文化度假区
田园嘉乐比乐园,浙江·湖州·安吉县,游乐场,,热度 0.0,浙江省湖州市安吉县横山坞村晓山
泰安太阳部落,山东·泰安·岱岳区,游乐场,,热度 0.0,山东泰安市岱岳区满庄镇大汶口石膏工业园太阳部落景区
嘉峪关方特丝路神画,甘肃·嘉峪关·嘉峪关市,游乐场,,热度 0.0,甘肃省嘉峪关市雄关区博园路558号
嘉峪关方特欢乐世界,甘肃·嘉峪关·嘉峪关市,游乐场,,热度 0.0,甘肃省嘉峪关市方特大道4111号
银杏湖乐园,江苏·南京·江宁区,游乐场,,热度 0.0,江苏省南京市江宁区银杏湖大道520号
欢乐海岸,广东·深圳·南山区,游乐场,,热度 0.0,广东省深圳市南山区白石路东8号欢乐海岸
芜湖方特东方神画,安徽·芜湖·鸠江区,游乐场,,热度 0.0,安徽省芜湖市鸠江区赤铸山东路（芜湖方特二期附近）
郑州方特梦幻王国,河南·郑州·中牟县,游乐场,,热度 0.0,河南省郑州市中牟县新区郑汴物流大道与人文路交汇处
南湖梦幻岛,四川·成都·双流区,游乐场,,热度 0.0,四川省成都市双流县人民南路南湖度假风景区
森哒星生态度假公园,贵州·贵阳·贵安新区,游乐场,,热度 0.0,贵州贵安新区黔中路与北斗湖之路交汇处云漫湖国际旅游休闲度假区内
广州塔摩天轮,广东·广州·广州塔,游乐场,,热度 0.0,广东省广州市海珠区阅江西路222号广州塔塔顶平台
竹子博览园,浙江·湖州·安吉县,游乐场,4A景区,热度 0.72,浙江省湖州市安吉县竹乡递铺镇
佛山顺德史努比缤纷世界,广东·佛山·顺德区,游乐场,,热度 0.0,广东省佛山市顺德新城区近容奇大桥的105国道旁
合肥海洋世界,安徽·合肥·合肥市,游乐场,,热度 0.0,安徽省合肥市经济技术开发区繁华大道321号
横店梦幻谷,浙江·金华·横店影视城,游乐场,5A景区,热度 0.0,浙江省金华东阳市横店影视城内
森波拉奇妙世界,广东·清远·森波拉度假森林,游乐场,4A景区,热度 0.74,广东省清远市佛冈县羊角山省级森林公园
株洲方特欢乐世界,湖南·株洲·云龙示范区,游乐场,,热度 0.0,湖南省株洲市云龙示范区华强路1号
长隆横琴湾水世界,广东·珠海·香洲区,游乐场,,热度 0.0,广东省珠海市横琴新区富祥湾（长隆国际海洋度假区）
顺德海立方海洋乐园,广东·佛山,游乐场,,热度 0.0,广东省佛山市顺德容桂容边南宏汽车文化创意园正门直入100米
南昌融创海世界,江西·南昌,游乐场,,热度 0.0,南昌市九龙湖新区融创文化旅游城融创茂一楼
珠海长隆国际海洋度假区,广东·珠海·金湾区,游乐场,,热度 0.0,广东省珠海市横琴岛南端环岛路长隆大道东侧
韩建翠溪谷大美儿童世界,北京·北京·房山区,游乐场,,热度 0.0,北京市房山区青龙湖镇南观路口公交站北100米
长沙方特东方神画,湖南·长沙·宁乡县,游乐场,,热度 0.0,长沙市宁乡县夏铎铺镇岳宁大道1号
天堂岛海洋乐园,四川·成都·武侯区,游乐场,,热度 0.0,四川省成都市武侯区天府大道北段1700号环球中心（地铁1号线锦城广场站）
重归亚特兰蒂斯乐园,四川·成都·新津县,游乐场,,热度 0.0,四川省成都市新津县岷江大道三段666号
儋州福安探险乐园,海南·儋州,游乐场,,热度 0.0,海南省儋州市两院试验场红旗队（两院植物园旁）
合肥融创乐园,安徽·合肥·合肥融创文化旅游城,游乐场,,热度 0.0,安徽省合肥市滨湖新区庐州大道788号合肥融创乐园（万年埠路合肥融创诺富特酒店对面路口入内）
蜗牛部落假日公园,四川·绵阳·江油市,游乐场,,热度 0.0,四川省绵阳江油市九岭镇藕塘村6组
歌斐颂巧克力小镇,浙江·嘉兴·嘉善大云,游乐场,,热度 0.0,浙江省嘉兴市嘉善县大云花海大道888号大云旅游度假区
祥源花世界,安徽·合肥·肥西县,游乐场,,热度 0.0,合肥市肥西县金寨南路与深圳路西北侧
武汉欢乐谷,湖北·武汉·青山区,游乐场,4A景区,热度 0.0,湖北省武汉市青山区欢乐大道196号
厦门方特东方神画,福建·厦门·厦门方特旅游区,游乐场,,热度 0.0,福建省厦门市同安区G15(沈海高速)
安徒生童话乐园,上海·上海·杨浦区,游乐场,,热度 0.0,上海市杨浦区国泓路200号
圣名游乐城,重庆·重庆·渝北区,游乐场,,热度 0.0,重庆市渝北区回兴服装城大道41号
沙雕海洋乐园,河北·秦皇岛·北戴河区,游乐场,4A景区,热度 0.0,河北省秦皇岛北戴河新区滨海新大道D4段东侧
扬州天乐湖欢乐谷,江苏·扬州·仪征市,游乐场,,热度 0.0,江苏扬州仪征市谢集乡四庄村江扬路
桂林乐满地主题乐园,广西·桂林·兴安县,游乐场,5A景区,热度 0.7,广西壮族自治区桂林市兴安县志玲路
东湖海洋世界,湖北·武汉·武昌区,游乐场,3A景区,热度 0.7,湖北省武汉市武昌区沿湖大道20号（东湖梨园旁）
上海JOYPOLIS乐园,上海·上海·普陀区,游乐场,,热度 0.0,上海市普陀区中山北路3300号环球港4楼L4081
泉州之眼摩天轮,福建·泉州·丰泽区,游乐场,,热度 0.0,福建省泉州市丰泽区丰海路东海泰禾摩天轮文化广场
衢州飞鸿滑草场,浙江·衢州,游乐场,,热度 0.0,浙江省衢州市绿色产业集聚区野鸭垄路5号
上海乐高探索中心,上海·上海·普陀区,游乐场,,热度 0.0,上海市普陀区大渡河路上海长风公园对面景畔广场4楼
茂险王主题乐园,福建·泉州·石狮市,游乐场,,热度 0.0,福建省泉州市石狮市钞坑片区世茂摩天城
御汤泉欢乐水世界,辽宁·鞍山·千山区,游乐场,,热度 0.0,鞍山市千山区东鞍山镇中所屯村南鞍山路与鞍海路交汇处
千岛湖水下古城科技主题乐园,浙江·杭州·千岛湖水下古城,游乐场,,热度 0.0,浙江省杭州市淳安县千岛湖大桥北集贤路28号
仙盖山,江西·抚州·抚州市,游乐场,,热度 0.0,抚州仙盖山景区 江西省抚州市临川区河埠乡斯和村
幻彩摩天轮,广东·中山·石岐区,游乐场,,热度 0.0,广东省中山市石岐区凤鸣路9号五楼（即兴中广场C幢五楼）
常德卡乐星球欢乐世界,湖南·常德,游乐场,,热度 0.0,常德市柳叶湖旅游度假区梦幻桃花岛
海口狂欢水世界主题公园,海南·海口·龙华区,游乐场,,热度 0.0,海南省海口市龙华区羊山大道63号（观澜湖新城内泰迪熊博物馆旁）
苏州梦幻乐园,江苏·苏州·吴中区,游乐场,,热度 0.0,江苏省苏州市吴中区胥口镇苏福路与孙武路交汇处西200米（石家饭店对面）
绍兴乔波冰雪世界,浙江·绍兴·绍兴县,游乐场,4A景区,热度 0.7,浙江省绍兴市绍兴县柯岩街道柯南大道2168号
江南环球港世界港口小镇,江苏·常州·新北区,游乐场,,热度 0.0,江苏省常州市新北区通江中路598号
弘阳未来世界主题乐园,江苏·南京·浦口区,游乐场,,热度 0.0,江苏省南京市浦口区大桥北路48号
万象萌宠乐园,黑龙江·哈尔滨·南岗区,游乐场,,热度 0.0,黑龙江省哈尔滨市南岗区中兴左街2号(哈尔滨大街与中兴左街交叉口处)
江扬天乐湖嬉乐谷,江苏·扬州·仪征市,游乐场,,热度 0.0,江苏省扬州市仪征市月塘镇四庄村江扬路9号
圣蓝海洋公园,河北·秦皇岛·昌黎县,游乐场,,热度 0.0,河北省秦皇岛市昌黎县昌海大道3号
凤岭儿童乐园,广西·南宁·青秀区,游乐场,,热度 0.0,广西省南宁市青秀区云景路25号凤岭儿童公园内
贵安水世界,福建·福州·连江县,游乐场,,热度 0.0,福建省福州市贵安温泉旅游度假区贵安新天地
南昌舰,江西·南昌·青山湖区,游乐场,,热度 0.0,江西省南昌市青山湖区赣江北大道与黄河路交汇处东南侧
泉林度假乐园,广东·江门·恩平市,游乐场,,热度 0.0,广东省江门恩平市东成镇青南角
长泰漂流景区,福建·漳州·长泰漂流水陆空景区,游乐场,,热度 0.0,福建省漳州市长泰县十里村1号
湖州飞鸿滑草场,浙江·湖州,游乐场,,热度 0.0,浙江省湖州市长兴县泗安镇东村村
故宫,北京·北京·东城区,展馆,5A景区,热度 1.0,北京市东城区景山前街4号
上海科技馆,上海·上海·浦东新区,展馆,5A景区,热度 0.74,上海市浦东新区世纪大道2000号(近二号线上海科技馆站)
上海汽车博物馆,上海·上海·嘉定区,展馆,,热度 0.7,上海市嘉定区安亭博园路7565号
陕西历史博物馆,陕西·西安·雁塔区,展馆,4A景区,热度 0.9199999999999999,陕西省西安市雁塔区小寨东路91号
景德镇古窑民俗博览区,江西·景德镇·昌江区,展馆,5A景区,热度 0.0,江西省景德镇市昌江区瓷都大道古窑路1号
自贡恐龙博物馆,四川·自贡·大安区,展馆,4A景区,热度 1.0,四川省自贡市大安区燊海井路4段268号
刘公岛,山东·威海·环翠区,展馆,5A景区,热度 1.0,山东省威海市海滨北路101-2号
中国科学技术馆,北京·北京·朝阳区,展馆,4A景区,热度 0.0,北京市朝阳区北辰东路5号
上海自然博物馆,上海·上海·静安区,展馆,,热度 0.7,上海市静安区石门二路128号静安雕塑公园内
成都武侯祠,四川·成都·武侯区,展馆,4A景区,热度 0.9,四川省成都市武侯区武侯祠大街231号
广东科学中心,广东·广州·番禺区,展馆,4A景区,热度 0.0,广东省广州市番禺区大学城西六路168号
青岛啤酒博物馆,山东·青岛·市北区,展馆,4A景区,热度 0.72,山东省青岛市市北区登州路56号青岛啤酒厂内
金沙遗址,四川·成都·青羊区,展馆,4A景区,热度 0.7,四川省成都市金沙遗址路2号
上海杜莎夫人蜡像馆,上海·上海·黄浦区,展馆,4A景区,热度 0.74,上海市黄浦区南京西路2-68号新世界商厦10楼
中国国家博物馆,北京·北京·东城区,展馆,,热度 0.7,北京东城区东长安街16号天安门广场东侧
湖南省博物馆,湖南·长沙·开福区,展馆,4A景区,热度 0.96,湖南省长沙市开福区东风路50号
三星堆博物馆,四川·德阳·广汉市,展馆,4A景区,热度 1.0,四川省德阳广汉市西安路133号
六朝博物馆,江苏·南京·玄武区,展馆,,热度 0.0,江苏省南京市玄武区长江路302号
建川博物馆聚落,四川·成都·大邑县,展馆,4A景区,热度 0.7,四川成都大邑县安仁古镇迎宾路（近金桂公馆酒店）
西安碑林博物馆,陕西·西安·碑林区,展馆,5A景区,热度 0.8,陕西省西安市碑林区三学街15号（近书院门）
厦门科技馆,福建·厦门·思明区,展馆,,热度 0.7,福建省厦门市思明区体育路95号文化艺术中心科技馆
临潼博物馆,陕西·西安·临潼区,展馆,3A景区,热度 0.7,陕西省西安市临潼区环城东路1号
茅山宝盛园,江苏·常州·金坛区,展馆,,热度 0.0,江苏省常州市金坛市薛埠镇茅山风景区内（X206附近）
世界恐龙谷旅游区,云南·楚雄·禄丰县,展馆,4A景区,热度 1.0,云南省楚雄彝族自治州禄丰县世界恐龙谷风景旅游区
南京大屠杀遇难同胞纪念馆,江苏·南京·建邺区,展馆,4A景区,热度 0.76,江苏省南京市建邺区水西门大街418号
沈阳世博园,辽宁·沈阳·浑南区,展馆,5A景区,热度 0.7,辽宁省沈阳市浑南区近郊高坎镇中马村双园路301号
乾陵,陕西·咸阳·乾县,展馆,4A景区,热度 1.0,陕西省咸阳市乾县城北6公里梁山上
金石滩旅游度假区,辽宁·大连·金州区,展馆,5A景区,热度 0.9199999999999999,辽宁省大连市金州区丹枫路金石滩国家旅游度假区
北京自然博物馆,北京·北京·东城区,展馆,,热度 0.7,北京市东城区（原崇文区）天桥南大街126号
山西晋祠博物馆,山西·太原·晋源区,展馆,4A景区,热度 0.76,山西省太原市晋源区晋祠镇
西安半坡博物馆,陕西·西安·灞桥区,展馆,4A景区,热度 0.7,陕西省西安市东郊半坡路155号
秦始皇陵丽山园景区,陕西·西安·秦始皇帝陵博物院（兵马俑）,展馆,,热度 0.0,陕西省西安市临潼区秦陵北路西端秦始皇陵丽山园景区正门入口右边
北京世园公园,北京·北京·延庆县,展馆,,热度 0.0,北京市延庆区百泉街17号
绵阳科技馆,四川·绵阳·游仙区,展馆,,热度 0.0,四川省绵阳市游仙区一环路东段232号
北京天文馆,北京·北京·海淀区,展馆,3A景区,热度 0.72,北京市海淀区西直门外大街138号
南京博物院,江苏·南京·玄武区,展馆,4A景区,热度 0.7,江苏省南京市玄武区中山东路321号
杭州飞来峰,浙江·杭州·西湖,展馆,,热度 0.72,浙江省杭州市西湖区灵隐路法云弄1号
重庆白鹤梁水下博物馆,重庆·重庆·涪陵区,展馆,4A景区,热度 0.0,重庆市涪陵区滨江大道二段185号
盐业历史博物馆,四川·自贡·自流井区,展馆,3A景区,热度 0.8400000000000001,四川省自贡市自流井区解放路105号
烟台张裕酒文化博物馆,山东·烟台·芝罘区,展馆,4A景区,热度 0.74,山东省烟台市芝罘区大马路56号
南京中国科举博物馆（江南贡院）,江苏·南京·夫子庙,展馆,,热度 0.72,江苏省南京市秦淮区夫子庙金陵路1号
厦门海底世界,福建·厦门·鼓浪屿,展馆,,热度 0.72,福建省厦门市思明区鼓浪屿龙头路2号
上海历史发展陈列馆,上海·上海·东方明珠,展馆,,热度 0.0,上海市浦东新区浦东世纪大道1号东方明珠零米大厅内
竹子博览园,浙江·湖州·安吉县,展馆,4A景区,热度 0.72,浙江省湖州市安吉县竹乡递铺镇
博鳌亚洲论坛永久会址,海南·琼海,展馆,4A景区,热度 0.0,海南省琼海市博鳌镇远洋大道1号东屿岛
长影旧址博物馆,吉林·长春·朝阳区,展馆,,热度 0.0,吉林省长春朝阳区红旗街1118号
江宁织造博物馆,江苏·南京·玄武区,展馆,,热度 0.0,江苏省南京市玄武区长江路123号（总统府对面）
中国航海博物馆,上海·上海·浦东新区,展馆,4A景区,热度 0.0,上海市浦东新区申港大道197号
汉文化景区,江苏·徐州·云龙区,展馆,4A景区,热度 0.82,江苏省徐州市云龙区兵马俑路1号
国际刻字艺术馆,福建·厦门·鼓浪屿,展馆,,热度 0.0,福建省厦门市思明区港仔后路7号菽庄花园大门正对面(近田尾路)
苏州博物馆,江苏·苏州·平江区,展馆,,热度 0.8800000000000001,江苏省苏州市平江区东北街204号
沂蒙红色影视基地,山东·临沂·沂南县,展馆,4A景区,热度 0.0,山东省临沂市沂南县马牧池乡常山庄村
洛阳博物馆,河南·洛阳·西工区,展馆,3A景区,热度 0.72,中国河南省洛阳市中州中路298号
朝天宫,江苏·南京·白下区,展馆,4A景区,热度 0.74,江苏省南京市莫愁路188号
哈尔滨龙塔,黑龙江·哈尔滨·南岗区,展馆,4A景区,热度 0.8400000000000001,黑龙江省哈尔滨市南岗区长江路178号
茂陵博物馆,陕西·咸阳·兴平市,展馆,4A景区,热度 0.72,陕西省咸阳市兴平市茂陵博物馆汉武帝陵东500米
北京中华民族园,北京·北京·朝阳区,展馆,,热度 0.72,北京市朝阳区民族园路1号(健翔桥东路口)
泰宁明清园,福建·三明·泰宁县,展馆,,热度 0.0,福建省泰宁县三明市泰宁县城区五里亭
葫芦古镇旅游度假区,辽宁·葫芦岛·龙港区,展馆,4A景区,热度 0.76,辽宁省葫芦岛市葫芦岛经济开发区
神州鸟园,河南·漯河·源汇区,展馆,,热度 0.0,河南省漯河市源汇区金江路与泰山路交叉口向西50米路南（原开源森林公园）
锦州世博园,辽宁·锦州·龙栖湾新区,展馆,,热度 0.0,锦州市龙栖湾新区京沈高速（锦州东）下道左转16公里处
北京杜莎夫人蜡像馆,北京·北京·前门大街,展馆,,热度 0.0,北京市东城区前门大街8号
高句丽文物古迹旅游景区,吉林·通化·集安市,展馆,5A景区,热度 0.0,吉林省通化集安市集青公路与将军路交汇处
孟良崮,山东·临沂·蒙阴县,展馆,4A景区,热度 0.8,山东省临沂市蒙阴县垛庄镇泉桥村孟良崮景区
花明楼景区,湖南·长沙·宁乡县,展馆,5A景区,热度 0.72,湖南省长沙市宁乡县花明楼镇炭子冲村
汉陵苑,江苏·扬州·维扬区,展馆,3A景区,热度 0.72,江苏省扬州市维扬区平山堂东路98号
东湖醋园,山西·太原·杏花岭区,展馆,4A景区,热度 0.7,山西省太原市杏花岭区马道坡街26号
甘肃省博物馆,甘肃·兰州·七里河区,展馆,,热度 0.8,甘肃省兰州市七里河区西津西路3号
重庆建川博物馆聚落,重庆·重庆,展馆,,热度 0.0,重庆市九龙坡区谢家湾街道付家沟1号
武汉花博汇,湖北·武汉·汉阳区,展馆,,热度 0.0,武汉市蔡甸区大集街道知音湖大道天星村1号
上海玻璃博物馆,上海·上海·宝山区,展馆,4A景区,热度 0.0,上海市宝山区长江西路上海玻璃博物馆
新疆古生态园（汗血马基地）,新疆·乌鲁木齐·新市区,展馆,,热度 0.0,新疆省乌鲁木齐市高新区昆明路158号野马国际大厦副楼4L新疆古生态园
镇江中国醋文化博物馆,江苏·镇江·丹徒区,展馆,4A景区,热度 0.0,江苏省镇江市丹徒区广园路66号
银川当代美术馆,宁夏·银川,展馆,,热度 0.0,宁夏回族自治区银川市兴庆区禾乐路12号
上海电影博物馆,上海·上海·徐汇区,展馆,,热度 0.0,上海市徐汇区漕溪北路595号(近南丹路)
文昌航天科普馆,海南·文昌,展馆,,热度 0.0,海南省文昌市文蔚路169号航天现代城25号楼（文昌市就业局往南800米）
中国煤炭博物馆,山西·太原·万柏林区,展馆,4A景区,热度 0.7,山西省太原市万柏林区迎泽西大街2号
火山岛地学博物馆,福建·漳州·龙海市,展馆,,热度 0.0,福建漳州龙海市火山岛旅游休闲度假区内
毛泽东的课桌,湖南·湘潭·毛泽东同志故居,展馆,,热度 0.0,湖南省湘潭市韶山市毛泽东故居
郑州绿博园,河南·郑州·中牟县,展馆,4A景区,热度 0.0,河南省郑州市中牟县郑开大道与人文路交汇向南1000米
抗战遗址博物馆,重庆·重庆·南岸区,展馆,,热度 0.7,重庆南岸黄山风景区
川菜博物馆,四川·成都·郫都区,展馆,3A景区,热度 0.0,四川省成都市郫都区古城镇荣华北巷8号
四方当代美术馆,江苏·南京·浦口区,展馆,,热度 0.0,江苏省南京市浦口区珍七路9号
诚毅科技探索中心,福建·厦门·集美区,展馆,,热度 0.0,厦门市集美新城杏林湾路339号
青藏高原自然博物馆,青海·西宁·城北区,展馆,,热度 0.0,青海省西宁市城北区经二路21号
南昌舰,江西·南昌·青山湖区,展馆,,热度 0.0,江西省南昌市青山湖区赣江北大道与黄河路交汇处东南侧
苏州太湖园博园,江苏·苏州·吴中区,展馆,,热度 0.0,苏州市临湖镇环镇路99号
杭州国际博览中心（G20峰会体验馆）,浙江·杭州·萧山区,展馆,,热度 0.0,浙江省杭州市萧山区奔竞大道353号
中山纪念堂,广东·广州·越秀区,展馆,4A景区,热度 0.78,广东省广州市越秀区东风中路259号
鄂豫皖苏区红色首府,河南·信阳·新县,展馆,4A景区,热度 0.0,河南省信阳市新县首府路文博新村4号
中国泰迪熊博物馆,四川·成都·温江区,展馆,,热度 0.0,四川省成都市温江区金马国际体育城中央商业公园
上海博物馆,上海·上海·黄浦区,展馆,4A景区,热度 0.76,上海市黄浦区人民大道201号
江西直升机科技馆,江西·景德镇,展馆,4A景区,热度 0.0,江西省景德镇市高新区直航路1号
毛主席纪念堂,北京·北京·东城区,展馆,,热度 0.76,北京市东城区天安门广场人民英雄纪念碑南面
天一阁博物馆,浙江·宁波·海曙区,展馆,5A景区,热度 0.72,浙江省宁波市海曙区天一街10号
湖北省博物馆,湖北·武汉·武汉东湖风景区,展馆,4A景区,热度 0.74,湖北省武汉市武昌区东湖路156号
中国漕运博物馆,江苏·淮安,展馆,4A景区,热度 0.0,江苏淮安淮安区漕运广场
晋国博物馆,山西·临汾·曲沃县,展馆,,热度 0.0,山西省临汾市曲沃县曲村镇晋国博物馆
海口泰迪熊博物馆,海南·海口·龙华区,展馆,,热度 0.0,海南省海口市龙华区羊山大道39号兰桂坊街2118号
阎锡山故居,山西·忻州·定襄县,展馆,4A景区,热度 0.0,山西省忻州市定襄县河边镇1号
生命奥秘博物馆,四川·成都·青羊区,展馆,,热度 0.0,四川省成都市青羊区天府广场负一楼B07
汉阳陵国家考古遗址公园,陕西·咸阳·秦都区,展馆,4A景区,热度 0.0,陕西省西安市咸阳国际机场专用公路东段
黄埔军校旧址纪念馆,广东·广州·黄埔区,展馆,,热度 0.7,广东省广州市黄埔区长洲岛
798艺术区,北京·北京·朝阳区,展馆,,热度 0.72,北京市朝阳区东北部酒仙桥718大院内
洋河酒厂文化旅游区,江苏·宿迁,展馆,,热度 0.0,江苏省宿迁市洋河镇中大街118号
宣纸文化园,安徽·宣城·泾县,展馆,,热度 0.0,安徽省宣城市泾县乌溪
世界反法西斯战争海拉尔纪念园,内蒙古·呼伦贝尔·海拉尔区,展馆,4A景区,热度 0.72,内蒙古自治区呼伦贝尔市海拉尔区
泰州凤城河风水博物馆景区,江苏·泰州·泰州凤城河景区,展馆,,热度 0.0,江苏省泰州市海陵区鼓楼南路三水湾街区水街19号
李小龙乐园,广东·佛山·顺德区,展馆,,热度 0.0,广东省佛山市顺德区均安镇沙浦路
潜艇观光基地,浙江·台州·椒江区,展馆,,热度 0.0,浙江省台州市椒江区工人西路1188号
金石蜡像馆,辽宁·大连·金石滩文化博览,展馆,,热度 0.0,辽宁省大连市金州区金石滩文化博览广场
中国温泉博物馆,内蒙古·兴安盟·阿尔山市,展馆,,热度 0.0,内蒙古兴安盟阿尔山温泉街
成都三和老爷车博物馆,四川·成都·武侯区,展馆,,热度 0.0,四川省成都市高新区机场路新园南一路2号
长春世界雕塑园,吉林·长春·南关区,展馆,5A景区,热度 0.76,吉林省长春市南关区人民大街9518号
上海八音盒珍品陈列馆,上海·上海·浦东新区,展馆,,热度 0.0,上海市浦东新区丁香路425号上海东方艺术中心内4层
大连贝壳博物馆,辽宁·大连·沙河口区,展馆,,热度 0.74,辽宁省大连市沙河口区星海广场东南角
北京活的3D博物馆,北京·北京·朝阳区,展馆,,热度 0.0,朝阳区酒仙桥路4号798艺术区751D-PARKC座C12
青岛贝壳博物馆,山东·青岛,展馆,,热度 0.0,山东省青岛市西海岸新区漓江西路680号
沈阳沈飞航空博览园,辽宁·沈阳·皇姑区,展馆,4A景区,热度 0.74,辽宁省沈阳市皇姑区陵北街1号
中国古车博物馆,山东·淄博·临淄区,展馆,4A景区,热度 0.7,山东省淄博市临淄区齐陵街道
朝阳化石谷,辽宁·朝阳·龙城区,展馆,,热度 0.0,辽宁省朝阳市龙城区传奇路1号
周口店遗址博物馆,北京·北京·周口店北京猿人遗址公园,展馆,,热度 0.0,北京市房山区周口店大街1号
龙山蜡像馆景区,河北·石家庄·鹿泉市,展馆,,热度 0.0,河北省石家庄市鹿泉区龙山蜡像馆景区（导航直接搜索）
宁波科学探索中心,浙江·宁波·江东区,展馆,,热度 0.0,宁波市宁穿路1800号（宁波文化广场Ⅲ区）
大连旅顺潜艇博物馆,辽宁·大连·旅顺口区,展馆,,热度 0.0,辽宁省大连市旅顺口区黄金街966号
张省艺术馆,江苏·苏州·吴中区,展馆,,热度 0.0,江苏省苏州市吴中区甪直镇江南文化园东南角
生命奥秘博物馆,辽宁·大连·金石滩文化博览,展馆,3A景区,热度 0.0,辽宁省大连市金州区广源街36号金石滩文化博览广场内
中国天眼驿站,贵州·黔南,展馆,,热度 0.0,贵州省黔南布依族苗族自治州罗甸县边阳镇中国天眼驿站
西安关中民俗艺术博物院,陕西·西安·长安区,展馆,4A景区,热度 0.0,陕西省西安市长安区五台镇南五台山路1号
朱子文化苑,福建·三明·尤溪县,展馆,,热度 0.0,福建三明尤溪水南朱熹公园朱子文化苑
野狐岭要塞,河北·张家口·张北县,展馆,3A景区,热度 0.0,河北省张家口市张北县张石高速出口油篓沟乡玻璃彩村
重庆科技馆,重庆·重庆·江北区,展馆,4A景区,热度 0.0,重庆市江北区江北城文星门街7号
上海观复博物馆,上海·上海·浦东新区,展馆,,热度 0.0,上海市浦东新区陆家嘴环路479号上海中心大厦37层
铜官窑,湖南·长沙,展馆,,热度 0.0,湖南省长沙市望城区X181
山东省博物馆,山东·济南·历下区,展馆,,热度 0.7,济南市经十一路14号
渠家大院,山西·晋中·祁县,展馆,,热度 0.72,山西省晋中市祁县东大街33号
风琴博物馆,福建·厦门·鼓浪屿,展馆,,热度 0.0,福建省厦门市思明区鼓新路43号（八卦楼）
甘家大院,江苏·南京·秦淮区,展馆,,热度 0.7,江苏省南京市秦淮区南捕厅15号
阆中风水博物馆,四川·南充·阆中古城,展馆,,热度 0.0,四川省南充市阆水中路33号阆中古城大东街100号
自贡彩灯博物馆,四川·自贡·大安区,展馆,3A景区,热度 0.7,四川省自贡市大安区中华路公园路6号
正佳自然科学博物馆,广东·广州·天河区,展馆,,热度 0.0,广东省广州市天河区天河路228号正佳广场6楼
武汉市博物馆,湖北·武汉·江汉区,展馆,4A景区,热度 0.7,湖北省武汉市江汉区青年路373号
秦陵地宫展览馆,陕西·西安·临潼区,展馆,,热度 0.72,陕西省西安市临潼区秦陵北路136号
琉璃中国博物馆,上海·上海·卢湾区,展馆,,热度 0.0,上海市卢湾区泰康路25号
崇本堂,江苏·苏州·同里古镇,展馆,,热度 0.72,江苏省吴江市同里古镇内
扬州八怪纪念馆,江苏·扬州·广陵区,展馆,,热度 0.0,江苏省扬州市广陵区驼岭巷18号扬州八怪纪念馆
上海失恋博物馆,上海·上海·黄浦区,展馆,,热度 0.0,上海市黄浦区南京东路353号悦荟广场4楼
欧阳修纪念馆,江西·吉安·永丰县,展馆,,热度 0.7,江西省吉安市永丰县永叔公园内
天津博物馆,天津·天津·河西区,展馆,3A景区,热度 0.74,天津市河西区友谊路31号　　
刘少奇纪念馆,湖南·长沙·花明楼景区,展馆,,热度 0.0,湖南省长沙市宁乡县花明楼镇炭子冲村
八达岭长城,北京·北京·延庆县,古建筑,5A景区,热度 0.82,北京市延庆县军都山关沟古道北口216省道附近
故宫,北京·北京·东城区,古建筑,5A景区,热度 1.0,北京市东城区景山前街4号
都江堰,四川·成都·都江堰市,古建筑,5A景区,热度 1.0,四川省成都市都江堰市
恭王府,北京·北京·西城区,古建筑,5A景区,热度 0.74,北京市西城区什刹海前海西街17号
华清宫,陕西·西安·临潼区,古建筑,5A景区,热度 0.9,陕西省西安市临潼区华清路038号
青岩古镇,贵州·贵阳·花溪区,古建筑,5A景区,热度 0.82,贵阳市花溪区交通路240号
虎丘,江苏·苏州·金阊区,古建筑,5A景区,热度 0.8,江苏省苏州市金阊区山塘街虎丘山门内8号
蓬莱阁,山东·烟台·蓬莱市,古建筑,5A景区,热度 1.0,山东省烟台蓬莱市迎宾路7号
沈阳故宫,辽宁·沈阳·沈河区,古建筑,4A景区,热度 0.7,辽宁省沈阳市沈河区沈阳路171号
布达拉宫,西藏·拉萨·城关区,古建筑,5A景区,热度 1.0,西藏自治区拉萨市城关区北京中路35号
开封府,河南·开封·鼓楼区,古建筑,4A景区,热度 0.96,河南省开封市包公东湖北岸
夫子庙,江苏·南京·秦淮区,古建筑,5A景区,热度 0.8800000000000001,江苏省南京市秦淮区龙蟠中路夫子庙
西安城墙,陕西·西安·碑林区,古建筑,5A景区,热度 0.82,陕西省西安市碑林区永宁门
王家大院,山西·晋中·灵石县,古建筑,4A景区,热度 0.82,山西省晋中市灵石县静升镇静升村
成都武侯祠,四川·成都·武侯区,古建筑,4A景区,热度 0.9,四川省成都市武侯区武侯祠大街231号
滕王阁,江西·南昌·东湖区,古建筑,5A景区,热度 1.0,江西省南昌市东湖区仿古街58号
慕田峪长城,北京·北京·怀柔区,古建筑,5A景区,热度 0.7,北京市怀柔区慕田峪村
西递,安徽·黄山·黟县,古建筑,5A景区,热度 0.7,安徽省黄山市黟县西递镇西递村
嘉峪关关城,甘肃·嘉峪关·嘉峪关市,古建筑,5A景区,热度 0.8400000000000001,甘肃省嘉峪关市明万里长城最西端
乔家大院,山西·晋中·祁县,古建筑,,热度 0.9400000000000001,山西省晋中市祁县乔家堡村
古堰画乡景区,浙江·丽水·莲都区,古建筑,4A景区,热度 0.72,浙江省丽水市莲都区大港头镇
龙亭公园,河南·开封·龙亭区,古建筑,4A景区,热度 0.86,河南省开封市龙亭区宋都御街北街
雁门关,山西·忻州·代县,古建筑,5A景区,热度 0.72,山西省忻州代县雁门关景区（二广高速新广武出口8公里）
皇城相府,山西·晋城·阳城县,古建筑,5A景区,热度 1.0,山西省晋城市阳城县北留镇皇城村
美龄宫,江苏·南京·钟山风景区,古建筑,,热度 0.0,江苏省南京市玄武区钟山中山陵景区内
泸定桥,四川·甘孜州·泸定县,古建筑,,热度 0.78,四川-甘孜州泸定县城大渡河上
崇圣寺三塔,云南·大理·大理古城,古建筑,5A景区,热度 0.86,云南省大理市大理古城西北两公里的苍山应乐峰下
西塘古镇,浙江·嘉兴·嘉善县,古建筑,5A景区,热度 0.8400000000000001,浙江省嘉兴市嘉善县西塘镇
婺源篁岭,江西·上饶·婺源县,古建筑,4A景区,热度 0.0,江西省上饶市婺源县江湾镇篁岭村
司马台长城,北京·北京·密云县,古建筑,4A景区,热度 0.76,北京市密云县东北部的古北口镇境内
独秀峰王城景区,广西·桂林·秀峰区,古建筑,5A景区,热度 0.72,广西壮族自治区桂林市秀峰区王城路1号
岭南印象园,广东·广州·番禺区,古建筑,4A景区,热度 0.74,广东省广州市番禺区外环西路
黄花城水长城,北京·北京·怀柔区,古建筑,4A景区,热度 0.7,北京市怀柔区九渡河镇西水峪
定陵,北京·北京·明十三陵,古建筑,,热度 0.72,北京市昌平区十三陵特区明十三陵
黄鹤楼,湖北·武汉·武昌区,古建筑,5A景区,热度 1.0,武汉市武昌区蛇山西山坡特1号
程阳八寨景区,广西·柳州·三江县,古建筑,4A景区,热度 0.7,广西省柳州市三江侗族自治县林溪乡程阳八寨
岳阳楼,湖南·岳阳·岳阳楼区,古建筑,5A景区,热度 1.0,湖南省岳阳市岳阳楼区洞庭北路60号
宝顶山景区,重庆·重庆·大足石刻,古建筑,,热度 0.72,重庆市大足县宝顶镇大足石刻景区
台州府城（江南长城）,浙江·台州·临海市,古建筑,4A景区,热度 0.74,浙江省台州市临海市北山路江南长城景区
西双版纳勐泐文化旅游区,云南·西双版纳·景洪市,古建筑,4A景区,热度 0.76,云南省西双版纳州景洪市勐泐大道顶端4路1号
桃坪羌寨,四川·阿坝藏族羌族自治州·理县,古建筑,,热度 0.7,四川省阿坝市理县桃坪乡
天津蓟州黄崖关长城景区,天津·天津·蓟县,古建筑,4A景区,热度 0.74,天津市蓟县下营镇黄崖关村卫围公路28公里
胡里山炮台,福建·厦门·思明区,古建筑,4A景区,热度 0.8400000000000001,福建省厦门市思明区曾厝垵路2号
五当召,内蒙古·包头·石拐区,古建筑,4A景区,热度 0.78,内蒙古省包头石拐区青五线五当沟
陕州地坑院,河南·三门峡·陕县,古建筑,,热度 0.0,河南省三门峡市陕州地坑院民俗文化园附近（东方向154米左右）
汉太史司马迁祠,陕西·渭南·韩城市,古建筑,4A景区,热度 0.7,陕西省渭南韩城市芝马路司马迁祠
浮梁古县衙,江西·景德镇·浮梁县,古建筑,4A景区,热度 0.76,江西省景德镇浮梁县浮梁古县衙景区
广府古城,河北·邯郸·永年区,古建筑,5A景区,热度 0.0,河北省邯郸市永年县广府镇
伏羲庙,甘肃·天水·秦州区,古建筑,4A景区,热度 0.9,甘肃省天水市秦州区伏羲路110号
洛阳白马寺,河南·洛阳·洛龙区,古建筑,4A景区,热度 0.8800000000000001,河南省洛阳市洛龙区白马寺镇310国道
张氏帅府,辽宁·沈阳·沈河区,古建筑,4A景区,热度 0.8,辽宁省沈阳市沈河区朝阳街少帅府巷46号
解州关帝庙,山西·运城·盐湖区,古建筑,4A景区,热度 0.82,山西省运城市解州镇西关五一路145号
退思园,江苏·苏州·同里古镇,古建筑,,热度 0.72,江苏省吴江市同里镇古镇区新填街234号
古城·尚书第,福建·三明·泰宁县,古建筑,,热度 0.82,福建省三明市泰宁县城内胜利二街福堂巷
南京阅江楼,江苏·南京·下关区,古建筑,4A景区,热度 0.78,江苏省南京市下关区建宁路202号
汉中武侯祠,陕西·汉中·勉县,古建筑,4A景区,热度 1.0,陕西省汉中市勉县县城108国道边
朱家花园,云南·红河·建水县,古建筑,4A景区,热度 0.82,云南省红河州建水县翰林街16号
石家大院,天津·天津·西青区,古建筑,4A景区,热度 0.74,天津市西青区杨柳青镇估衣街47号
九门口长城,辽宁·葫芦岛·绥中县,古建筑,4A景区,热度 0.9199999999999999,辽宁省葫芦岛市绥中县李家乡新堡子村
张壁古堡,山西·晋中·介休市,古建筑,,热度 0.74,山西省晋中介休市城区东南10公里龙凤乡张壁村
龙门古镇,浙江·杭州·富阳市,古建筑,4A景区,热度 0.7,浙江省杭州富阳市龙门镇牌楼龙门古镇内
皇泽寺,四川·广元·利州区,古建筑,4A景区,热度 0.0,四川省广元市利州区上西坝
李家大院,山西·运城·万荣县,古建筑,4A景区,热度 0.0,山西省运城市万荣县万荣县禹都大道129号
大观楼,云南·昆明·西山区,古建筑,4A景区,热度 0.8,云南省昆明市西山区大观路72号
水绘园,江苏·南通·如皋市,古建筑,4A景区,热度 0.72,江苏省南通如皋市碧霞路299号
天波杨府,河南·开封·龙亭区,古建筑,,热度 0.9,河南省开封市龙亭北路14号
朝天宫,江苏·南京·白下区,古建筑,4A景区,热度 0.74,江苏省南京市莫愁路188号
刘氏庄园,四川·成都·安仁古镇,古建筑,4A景区,热度 0.7,四川省成都市大邑县安仁镇金桂街15号
卓克基土司官寨,四川·阿坝藏族羌族自治州·马尔康县,古建筑,,热度 0.7,四川马尔康县东7公里的卓克基乡西索村
娲皇宫,河北·邯郸·涉县,古建筑,5A景区,热度 1.0,河北省邯郸市涉县索堡镇
谢鲁山庄,广西·玉林·陆川县,古建筑,4A景区,热度 0.76,广西玉林陆川县西南24公里的乌石镇谢鲁村
庆王府,天津·天津·和平区,古建筑,,热度 0.7,天津市和平区重庆道55号庆王府院内(近民园体育场)
开平碉楼文化旅游区,广东·江门·开平市,古建筑,,热度 0.9800000000000001,广东省江门开平市五五五县道
盘门,江苏·苏州·沧浪区,古建筑,4A景区,热度 0.78,江苏省苏州市沧浪区东大街49号
沧浪亭,江苏·苏州·沧浪区,古建筑,,热度 0.76,江苏省苏州市城南沧浪区人民路沧浪亭街3号
苏堤春晓,浙江·杭州·西湖,古建筑,,热度 0.74,浙江省杭州市西湖区苏堤上
白鹿洞书院,江西·九江·庐山市,古建筑,,热度 0.8,江西省九江市星子县
玉门关,甘肃·酒泉·敦煌市,古建筑,,热度 0.82,甘肃省酒泉市敦煌市城西北80公里的戈壁滩上
桂峰古民居,福建·三明·尤溪县,古建筑,,热度 0.0,福建省三明市尤溪县洋中镇东北部桂峰村
泰宁明清园,福建·三明·泰宁县,古建筑,,热度 0.0,福建省泰宁县三明市泰宁县城区五里亭
曲阜孔庙,山东·济宁·三孔,古建筑,,热度 0.0,山东省济宁市曲阜市神道路半壁街
曹操运兵道,安徽·亳州·谯城区,古建筑,,热度 0.0,安徽省亳州市谯城区人民路49号
培田古民居,福建·龙岩·连城县,古建筑,3A景区,热度 0.72,福建省龙岩市连城县宣和乡培田村
汉中武侯墓风景区,陕西·汉中·勉县,古建筑,4A景区,热度 0.0,陕西省汉中勉县武侯南路
康百万庄园,河南·郑州·巩义市,古建筑,4A景区,热度 0.72,河南省巩义市康店镇庄园路59号
龙川风景区,安徽·宣城·绩溪县,古建筑,5A景区,热度 1.0,安徽省宣城市绩溪县086县道
金山岭长城,河北·承德·滦平县,古建筑,4A景区,热度 0.74,河北承德滦平县巴克什营
殊像寺,山西·忻州·五台山,古建筑,,热度 0.0,山西省忻州市五台县五台山风景区
廿八都古镇,浙江·衢州·江山市,古建筑,5A景区,热度 1.0,浙江省衢州江山市廿八都古镇
水浒好汉城,山东·菏泽·郓城,古建筑,4A景区,热度 0.0,山东省菏泽市郓城县西门街南段
鸡鸣驿古城,河北·张家口·怀来县,古建筑,,热度 0.8400000000000001,河北省张家口市怀来县城西30公里处
赫图阿拉城,辽宁·抚顺·新宾县,古建筑,4A景区,热度 1.0,辽宁省抚顺市新宾满族自治县永陵镇老城朝鲜族村
陈家祠,广东·广州·荔湾区,古建筑,4A景区,热度 0.8,广东省广州市荔湾区中山七路恩龙里34号
黟县卢村木雕楼景区,安徽·黄山·黟县,古建筑,,热度 0.0,安徽省黄山市黟县宏村镇卢村
蒙山大佛,山西·太原·晋源区,古建筑,4A景区,热度 0.7,山西省太原市晋源区罗城寺底村
东澳岛,广东·珠海·香洲区,古建筑,,热度 0.74,广东省珠海市金湾区
三坊七巷,福建·福州·鼓楼区,古建筑,5A景区,热度 1.0,福建省福州市鼓楼区三坊七巷
天心阁,湖南·长沙·天心区,古建筑,4A景区,热度 0.8,湖南省长沙市天心区天心路3号
盂城驿,江苏·扬州·高邮市,古建筑,,热度 0.7,江苏省扬州市高邮市南门外馆驿路13号
鲁商新泰新甫山,山东·泰安·新泰市,古建筑,4A景区,热度 0.7,山东省泰安新泰市迈莱河路北首与莲花路交接处
真武阁,广西·玉林·三名旅游景区,古建筑,4A景区,热度 0.78,广西壮族自治区玉林市容县十里乡杨外村
古北口长城,北京·北京·古北口文化文物旅游区,古建筑,3A景区,热度 0.7,北京市密云县古北口镇
普救寺,山西·运城·永济市,古建筑,4A景区,热度 1.0,山西省永济市蒲州镇西厢村
南屏古镇,安徽·黄山·黟县,古建筑,4A景区,热度 0.72,安徽省黄山市黟县碧阳镇南屏村
乾州古城,湖南·湘西·吉首市,古建筑,4A景区,热度 0.0,湖南省土家族苗族自治州吉首市乾州古城
陶然亭公园,北京·北京·宣武区,古建筑,4A景区,热度 0.72,北京市西城区太平街19号
保国寺,浙江·宁波·江北区,古建筑,4A景区,热度 0.72,浙江省宁波市江北区洪塘镇
花洲书院,河南·南阳·邓州市,古建筑,3A景区,热度 0.74,河南省南阳市邓州市人民东路
胡雪岩故居,浙江·杭州·西湖,古建筑,,热度 0.72,浙江省杭州市上城区元宝街18号
奉国寺,辽宁·锦州·义县,古建筑,4A景区,热度 0.76,辽宁省锦州市义县东街18号
严家大院,云南·大理·大理古城,古建筑,,热度 0.0,云南省大理市喜洲镇四方街富春里1号
岳麓书院,湖南·长沙·岳麓区,古建筑,,热度 0.0,湖南省长沙市岳麓区岳麓山风景区旁
天宫庄园,浙江·宁波·鄞州区,古建筑,4A景区,热度 0.72,浙江省宁波市鄞州区下应镇湾底村
虎山长城,辽宁·丹东·宽甸县,古建筑,4A景区,热度 0.76,辽宁省丹东市宽甸县虎山乡的虎山南麓
大观公园,云南·昆明·西山区,古建筑,4A景区,热度 0.0,云南省昆明市西山区大观路284号
津门故里,天津·天津·南开区,古建筑,,热度 0.0,天津市南开区
娘子关,山西·阳泉·平定县,古建筑,,热度 1.0,山西省阳泉市平定县娘子关镇娘子关村
南风古灶旅游区,广东·佛山·禅城区,古建筑,4A景区,热度 0.0,佛山市禅城区石湾镇高庙路6号南风古灶景区
曹丞相府,河南·许昌·魏都区,古建筑,3A景区,热度 0.86,河南省许昌市魏都区衙前街
应县木塔,山西·朔州·应县,古建筑,4A景区,热度 1.0,山西省朔州市应县城内塔前街
东方明珠,上海·上海·浦东新区,城市观光,5A景区,热度 0.76,上海市浦东新区世纪大道1号
青岩古镇,贵州·贵阳·花溪区,城市观光,5A景区,热度 0.82,贵阳市花溪区交通路240号
西溪国家湿地公园,浙江·杭州·西湖区,城市观光,5A景区,热度 0.0,浙江省杭州市西湖区天目山路518号
黄浦江游览（十六铺码头）,上海·上海·黄浦区,城市观光,,热度 0.0,上海市黄浦区中山东二路481号B1层（十六铺码头一区）
广州塔,广东·广州·海珠区,城市观光,4A景区,热度 0.0,广东省广州市海珠区阅江西路222号
西湖,浙江·杭州·西湖区,城市观光,5A景区,热度 1.0,浙江省杭州市西湖区龙井路1号
宋城千古情,浙江·杭州·西湖区,城市观光,,热度 0.0,浙江省杭州市西湖区之江路148号
布达拉宫,西藏·拉萨·城关区,城市观光,5A景区,热度 1.0,西藏自治区拉萨市城关区北京中路35号
广东科学中心,广东·广州·番禺区,城市观光,4A景区,热度 0.0,广东省广州市番禺区大学城西六路168号
上海中心大厦上海之巅观光厅,上海·上海·浦东新区,城市观光,,热度 0.0,上海市浦东新区陆家嘴环路479号（近东泰路）
东部华侨城,广东·深圳·盐田区,城市观光,4A景区,热度 0.76,广东省深圳市盐田区艺海东路东部华侨城
重庆两江夜游,重庆·重庆·渝中区,城市观光,,热度 0.0,重庆市渝中区朝天门一码头
清华大学,北京·北京·海淀区,城市观光,,热度 0.76,北京市海淀区双清路30号
中国天眼科普基地,贵州·黔南·平塘县,城市观光,,热度 0.0,黔南布依族苗族自治州平塘县航龙未来国际天文小镇天眼景区
天安门广场,北京·北京·东城区,城市观光,,热度 1.0,北京市东城区天安门
重庆长江索道,重庆·重庆·渝中区,城市观光,4A景区,热度 0.0,重庆市渝中区新华路151号
世茂云上厦门观光厅,福建·厦门·思明区,城市观光,,热度 0.0,福建省厦门市思明区大学路世茂海峡大厦B塔
珠江夜游天字码头,广东·广州·珠江夜游,城市观光,,热度 0.0,广东省广州市越秀区沿江中路200号天字码头珠江夜游内(地铁2号线海珠广场A出口)天字码头内
珠江夜游广州塔码头,广东·广州·珠江夜游,城市观光,,热度 0.0,广州市海珠区滨江东路163号
外滩,上海·上海·黄浦区,城市观光,,热度 1.0,上海市黄浦区中山东一路（北至外白渡桥、南至十六铺码头）
金茂大厦88层观光厅,上海·上海·浦东新区,城市观光,4A景区,热度 0.76,上海市浦东新区浦东世纪大道88号观光厅
印象西湖,浙江·杭州·西湖,城市观光,,热度 0.0,浙江省杭州市西湖区北山路82号岳庙对面
鸟巢,北京·北京·奥林匹克公园,城市观光,5A景区,热度 0.8400000000000001,北京市朝阳区国家体育场南路1号奥林匹克公园内
深圳平安金融中心,广东·深圳·福田区,城市观光,,热度 0.0,深圳市福田区益田路5033号平安金融中心116层
环球金融中心观光厅,上海·上海·浦东新区,城市观光,4A景区,热度 0.72,上海市浦东新区世纪大道100号
南山一棵树观景台,重庆·重庆·南岸区,城市观光,,热度 0.0,重庆南岸区龙黄公路半山一棵树观景园
大唐不夜城,陕西·西安·曲江旅游度假区,城市观光,,热度 0.0,陕西省西安市雁塔区环塔南路东段6号大雁塔南广场
玻璃栈道,湖南·张家界·天门山国家森林公园,城市观光,,热度 0.0,湖南省张家界市永定区官黎坪天门山国家森林公园内
中央电视塔,北京·北京·海淀区,城市观光,4A景区,热度 0.72,北京市海淀区西三环中路11号
云天文化城,广西·玉林·玉州区,城市观光,,热度 0.0,广西省玉林市玉州区江滨路461号
地王大厦,广东·深圳·罗湖区,城市观光,3A景区,热度 0.9400000000000001,广东省深圳市罗湖区深南东路5002号信兴广场商业中心地王大厦69层
梅峰岛,浙江·杭州·千岛湖,城市观光,,热度 0.0,浙江省杭州市淳安县千岛湖镇千岛湖中心湖区
海坛古城,福建·福州·平潭县,城市观光,,热度 0.0,福建省福州市平潭综合实验区环岛东路与翠园南路交汇处
一江四湖,广西·桂林·七星区,城市观光,,热度 0.0,广西省桂林市七星区解放桥东南端桥底，该处有六匹铜马为标识
杭州飞来峰,浙江·杭州·西湖,城市观光,,热度 0.72,浙江省杭州市西湖区灵隐路法云弄1号
港珠澳大桥,广东·珠海·香洲区,城市观光,,热度 0.0,珠海市香洲区唐淇路
东方明珠一日游,上海·上海·浦东新区,城市观光,,热度 0.0,上海市浦东新区陆家嘴世纪大道1号
闽江夜游,福建·福州·台江区,城市观光,,热度 0.0,福建省福州市台江区闽江
东方威尼斯水城,辽宁·大连,城市观光,,热度 0.0,辽宁省大连市东港商务区港浦路
武当山,湖北·十堰·丹江口市,城市观光,5A景区,热度 1.0,湖北省十堰市丹江口市武当山景区
圆明新园,广东·珠海·香洲区,城市观光,4A景区,热度 0.9400000000000001,广东省珠海市香洲区兰埔路九州大道西
鬼谷栈道,湖南·张家界·天门山国家森林公园,城市观光,,热度 0.0,湖南省张家界市永定区
洪崖洞,重庆·重庆·渝中区,城市观光,4A景区,热度 0.8400000000000001,重庆市渝中区嘉滨路88号
月湖雕塑公园,上海·上海·佘山国家旅游度假区,城市观光,,热度 0.0,上海市松江区林荫新路1158号
绿太阳生态旅游度假区,广东·潮州,城市观光,,热度 0.0,广东省潮州市登塘镇绿太阳度假区
栈桥,山东·青岛·市南区,城市观光,,热度 1.0,山东省青岛市市南区太平路14号
百里柳江旅游景区,广西·柳州·鱼峰区,城市观光,4A景区,热度 0.0,柳州市市区流域
八大关,山东·青岛·青岛海滨,城市观光,,热度 0.0,山东省青岛市市南区正阳关路14号
什刹海,北京·北京·西城区,城市观光,4A景区,热度 0.78,北京市西城区羊房胡同
柳州云顶观光,广西·柳州·柳北区,城市观光,,热度 0.0,广西省柳州市柳北区广场路6-2号
两江国际影视城（民国街）,重庆·重庆·渝北区,城市观光,,热度 0.0,重庆市渝北区民生路
珠海海泉湾神秘岛,广东·珠海·海泉湾度假城,城市观光,,热度 0.0,广东省珠海市金湾区平沙镇海泉湾度假区内
瓷房子,天津·天津·和平区,城市观光,,热度 0.82,天津市和平区赤峰道72号
闯关东影视城,辽宁·大连·旅顺口区,城市观光,3A景区,热度 0.0,辽宁省大连市旅顺水师营街道三里桥村清风小镇
朱仙镇启封故园景区,河南·开封,城市观光,,热度 0.0,河南省开封市祥符区运粮河西岸朱仙镇启封故园
大石围天坑,广西·百色·乐业县,城市观光,4A景区,热度 0.86,广西壮族自治区百色市乐业县同乐镇刷把村百岩脚屯
WFC会仙楼观景台,重庆·重庆·渝中区,城市观光,,热度 0.0,重庆市渝中区民族路188号环球金融中心73､74F
矮寨大桥,湖南·湘西·德夯大峡谷,城市观光,,热度 0.0,湖南省湘西土家族苗族自治州吉首市矮寨镇德夯大峡谷
中原福塔,河南·郑州·管城回族区,城市观光,4A景区,热度 0.0,河南省郑州市管城回族区航海东路1206号
白公馆,重庆·重庆·沙坪坝区,城市观光,,热度 0.8,重庆市沙坪坝区
哈尔滨龙塔,黑龙江·哈尔滨·南岗区,城市观光,4A景区,热度 0.8400000000000001,黑龙江省哈尔滨市南岗区长江路178号
红树林天天赶海,广西·北海·银海区,城市观光,,热度 0.0,北海市南珠大道与海景大道交叉口金海湾红树林景区方向前350米
庆王府,天津·天津·和平区,城市观光,,热度 0.7,天津市和平区重庆道55号庆王府院内(近民园体育场)
情侣路,广东·珠海·香洲区,城市观光,,热度 0.9400000000000001,广东省珠海市香洲区
地王云顶,广西·南宁·青秀区,城市观光,3A景区,热度 0.78,广西壮族自治区南宁市青秀区金湖路59号地王大厦59楼
满洲里国门景区,内蒙古·呼伦贝尔·中俄边境旅游区,城市观光,5A景区,热度 0.74,内蒙古呼伦贝尔满洲里市西部中俄边境处
天津古文化街,天津·天津·南开区,城市观光,5A景区,热度 0.8400000000000001,天津市南开区通北路与东马路交口附近
苏堤春晓,浙江·杭州·西湖,城市观光,,热度 0.74,浙江省杭州市西湖区苏堤上
东方佛都,四川·乐山·市中区,城市观光,4A景区,热度 0.72,四川省乐山市市中区凌云路362号
外滩观光隧道,上海·上海·黄浦区,城市观光,,热度 0.7,上海市黄浦区中山东一路349号（陈毅广场向北70米）
港珠澳大桥海上游,广东·珠海,城市观光,,热度 0.0,珠海市九洲港码头
知音号,湖北·武汉·汉口区,城市观光,,热度 0.0,湖北武汉市汉口江滩四唯路和五福路之间
珠江夜游广州塔财富码头,广东·广州·海珠区,城市观光,,热度 0.0,广东省广州市海珠区阅江西路222号广州塔东北侧珠江堤岸边
芒市勐焕大金塔,云南·德宏,城市观光,,热度 0.0,云南省德宏州潞西市城东南雷牙让山山顶
海天一洲,浙江·宁波·慈溪市,城市观光,4A景区,热度 0.0,宁波市杭州跨海大桥海中平台
钟鼓楼广场,陕西·西安·莲湖区,城市观光,,热度 0.0,陕西省西安市莲湖区钟楼和鼓楼之间
五缘湾游艇帆船港,福建·厦门·湖里区,城市观光,,热度 0.0,厦门市湖里区槟城道112号，五缘湾游艇港
天府熊猫塔,四川·成都·成华区,城市观光,,热度 0.0,四川省成都市成华区猛追湾街98号
丽宁十八弯,云南·丽江·古城区,城市观光,,热度 0.0,云南省丽江市古城区991省道
司徒小镇,山西·晋城,城市观光,,热度 0.0,山西省晋城市城区北石店镇司徒村
淘金小镇,山东·烟台·黄金文化旅游区,城市观光,,热度 0.0,山东省烟台招远市玲珑镇黄金文化旅游区
溪布街,湖南·张家界·武陵源区,城市观光,,热度 0.0,湖南省张家界武陵源区武陵大道区政府对面
满洲里套娃景区,内蒙古·呼伦贝尔·中俄边境旅游区,城市观光,5A景区,热度 0.7,内蒙古呼伦贝尔满洲里市华埠大街北侧
葛洲坝船闸景区,湖北·宜昌,城市观光,,热度 0.0,湖北省宜昌市镇平路39号
西昌卫星发射基地,四川·凉山州·西昌市,城市观光,,热度 0.74,四川省凉山西昌市航天北路1号　
通济花海,四川·成都·彭州市,城市观光,,热度 0.0,四川省彭州市通济镇乔楼村
成都环球中心,四川·成都·武侯区,城市观光,,热度 0.0,四川省成都高新南区天府大道北段1700号
东四胡同,北京·北京·东城区,城市观光,,热度 0.0,北京市东城区
珠江夜游西堤码头,广东·广州·珠江夜游,城市观光,,热度 0.0,广东省广州市越秀区沿江西路49号
天安门城楼,北京·北京·东城区,城市观光,,热度 0.72,北京市东城区天安门院内西侧
静园-末代皇帝溥仪旧居,天津·天津·和平区,城市观光,,热度 0.0,天津市和平区鞍山道70号
意式风情街,天津·天津·河北区,城市观光,,热度 0.0,天津市河北区光复道8号
幻彩摩天轮,广东·中山·石岐区,城市观光,,热度 0.0,广东省中山市石岐区凤鸣路9号五楼（即兴中广场C幢五楼）
南雄珠玑古巷,广东·韶关·南雄市,城市观光,,热度 0.76,广东省南雄市沙水村
天塔湖风景区,天津·天津·河西区,城市观光,4A景区,热度 0.7,天津市河西区卫津南路1号
珠澳海湾游,广东·珠海·拱北区,城市观光,,热度 0.0,广东省珠海市拱北区湾仔镇南湾南路3002号
北大桥,辽宁·大连,城市观光,,热度 0.0,辽宁省大连市滨海中路
水立方,北京·北京·奥林匹克公园,城市观光,,热度 0.0,北京市朝阳区天辰东路11号奥林匹克公园内
五大道,天津·天津·和平区,城市观光,,热度 0.0,天津市和平区睦南道
博鳌亚洲论坛成立会址,海南·琼海,城市观光,,热度 0.76,海南省琼海市博鳌镇金海岸大道1号
三坊七巷,福建·福州·鼓楼区,城市观光,5A景区,热度 1.0,福建省福州市鼓楼区三坊七巷
钱塘江大桥,浙江·杭州·西湖区,城市观光,,热度 0.72,浙江省杭州市西湖区
滨海栈道,广东·深圳·盐田区,城市观光,,热度 0.0,广东省深圳市盐田区港西面滨海栈道
梦幻香山芳香文化园,海南·屯昌,城市观光,,热度 0.0,海南省屯昌县屯城镇加利坡村附近（中线高速公路旁）
胡雪岩故居,浙江·杭州·西湖,城市观光,,热度 0.72,浙江省杭州市上城区元宝街18号
喜洲,云南·大理·大理市,城市观光,,热度 0.78,云南-大理古城以北18公里处
厦门大学,福建·厦门·思明区,城市观光,,热度 1.0,福建省厦门市思明区思明南路422号
海心沙西区码头,广东·广州·天河区,城市观光,,热度 0.0,广东省广州市珠江新城海心沙亚运公园海心沙码头内3号铺（地铁APM线海心沙站A出口）
重庆解放碑,重庆·重庆·渝中区,城市观光,,热度 0.82,重庆市渝中区民权路、民族路和邹容路交汇处
绿地中心303观光厅,江西·南昌·红谷滩新区,城市观光,,热度 0.0,江西省南昌市红谷滩红谷中大道998号
龙缸云端廊桥,重庆·重庆·云阳县,城市观光,,热度 0.0,重庆市云阳县龙缸景区清水乡龙缸景区
应县木塔,山西·朔州·应县,城市观光,4A景区,热度 1.0,山西省朔州市应县城内塔前街
杨柳青古镇,天津·天津·西青区,城市观光,,热度 0.7,天津市西青区杨柳青古镇景区
协和礼拜堂,福建·厦门·思明区,城市观光,,热度 0.0,福建省厦门市思明区港后路
五一广场公园,福建·福州·鼓楼区,城市观光,,热度 0.7,福州市市中心
南京路步行街,上海·上海·黄浦区,城市观光,,热度 0.82,上海市黄浦区
凤岭摩天轮,广西·南宁·凤岭儿童公园,城市观光,,热度 0.0,南宁市青秀区云景路25号凤岭儿童公园内
六和塔,浙江·杭州·西湖,城市观光,,热度 0.74,浙江省杭州市西湖区之江路84号
长沙三珍虎园,湖南·长沙·长沙县,城市观光,,热度 0.0,湖南省长沙市长沙县金井镇脱甲村向北许家屋场
杭州植物园,浙江·杭州·西湖区,城市观光,,热度 0.72,浙江省杭州市西湖区桃源岭1号
杭州江和美海洋公园,浙江·杭州,城市观光,,热度 0.0,浙江省杭州市钱江新城三堡东方大厦C座1楼
大梅沙,广东·深圳·盐田区,城市观光,,热度 0.8,广东省深圳市盐田区大梅沙盐梅路52号
渣滓洞,重庆·重庆·沙坪坝区,城市观光,,热度 0.78,重庆市沙坪坝区渣滓洞凌云路歌乐山烈士陵园附近
宁夏园艺产业园,宁夏·银川·贺兰县,城市观光,,热度 0.0,宁夏银川市贺兰县习岗镇经济桥四社宁夏园艺产业园
梅溪牌坊,广东·珠海·香洲区,城市观光,,热度 0.76,广东省珠海市香洲区前山镇上冲梅溪村3号
泉城广场,山东·济南·历下区,城市观光,,热度 0.0,山东省济南市历下区泺源大街69号
北京大学,北京·北京·海淀区,城市观光,,热度 0.78,北京市海淀区颐和园路5号
大悦城屋顶摩天轮,上海·上海·闸北区,城市观光,,热度 0.0,上海市西藏北路166号上海大悦城北座楼顶
李小龙乐园,广东·佛山·顺德区,城市观光,,热度 0.0,广东省佛山市顺德区均安镇沙浦路
陆家嘴,上海·上海·浦东新区,城市观光,,热度 0.0,上海市浦东新区西北部
上海人民广场,上海·上海·黄浦区,城市观光,,热度 0.72,中国上海黄浦区上海人民广场
玉垒阁,四川·成都·都江堰,城市观光,,热度 0.0,四川省成都市都江堰市城西公园路都江堰风景名胜区内
水城之眼摩天轮,山东·聊城,城市观光,,热度 0.0,山东省聊城市湖南路中段，南关街交叉口
象鼻山夜游两江四湖,广西·桂林·象山区,城市观光,,热度 0.0,广西省桂林市象山区漓江1号
九洲港口岸,广东·珠海·香洲区,城市观光,,热度 0.0,香洲区情侣南路
长春世界雕塑园,吉林·长春·南关区,城市观光,5A景区,热度 0.76,吉林省长春市南关区人民大街9518号
南锣鼓巷,北京·北京·东城区,城市观光,3A景区,热度 0.76,北京市东城区南锣鼓巷117号
草海走婚桥,云南·丽江·泸沽湖,城市观光,,热度 0.0,云南省丽江市泸沽湖草海区域
双廊,云南·大理·大理市,城市观光,,热度 0.74,云南大理洱海东岸，距下关35公里
波兰倒置屋,上海·上海·金山区,城市观光,,热度 0.0,上海市金山区枫泾镇朱枫公路8258弄169号
华门,山西·临汾·尧都区,城市观光,4A景区,热度 0.0,山西省临汾市尧都区尧庙村华门景区
西开教堂,天津·天津·和平区,城市观光,,热度 0.8,天津市和平区西宁道9号
川主寺镇,四川·阿坝藏族羌族自治州·松潘县,城市观光,,热度 0.0,四川省阿坝藏族羌族自治州松潘县
夫子庙大成殿,江苏·南京·夫子庙,城市观光,,热度 0.7,江苏省南京市秦淮区贡院街152号
古北水镇司马台新村山水城,北京·北京·密云县,城市观光,,热度 0.0,密云区司马台新村古北水镇司马台新村63号-1山水城（古北口镇）
天津武清绿博园,天津·天津·武清区,城市观光,4A景区,热度 0.0,天津市武清区下朱庄南湖景区
红巷码头,湖北·武汉·武昌区,城市观光,,热度 0.0,湖北省武汉市武昌区临江大道红巷码头(武昌区房地产交易中心对面)
下梅古村,福建·南平·武夷山市,城市观光,,热度 0.72,福建省南平武夷山市下梅村后巷1号
西宁浦宁之珠,青海·西宁·城西区,城市观光,3A景区,热度 0.7,青海省西宁城西区浦宁之珠
青铜峡黄河楼,宁夏·吴忠·青铜峡市,城市观光,4A景区,热度 0.0,宁夏自治区吴忠青铜峡市黄河路与滨河大道交叉处
